2023-06-03 15:20:55.846 [restartedMain] ERROR com.zaxxer.hikari.pool.HikariPool:595 - HikariPool-1 - Exception during pool initialization.
com.mysql.cj.jdbc.exceptions.CommunicationsException: Communications link failure

The last packet sent successfully to the server was 0 milliseconds ago. The driver has not received any packets from the server.
	at com.mysql.cj.jdbc.exceptions.SQLError.createCommunicationsException(SQLError.java:174)
	at com.mysql.cj.jdbc.exceptions.SQLExceptionsMapping.translateException(SQLExceptionsMapping.java:64)
	at com.mysql.cj.jdbc.ConnectionImpl.createNewIO(ConnectionImpl.java:836)
	at com.mysql.cj.jdbc.ConnectionImpl.<init>(ConnectionImpl.java:456)
	at com.mysql.cj.jdbc.ConnectionImpl.getInstance(ConnectionImpl.java:246)
	at com.mysql.cj.jdbc.NonRegisteringDriver.connect(NonRegisteringDriver.java:199)
	at com.zaxxer.hikari.util.DriverDataSource.getConnection(DriverDataSource.java:138)
	at com.zaxxer.hikari.pool.PoolBase.newConnection(PoolBase.java:353)
	at com.zaxxer.hikari.pool.PoolBase.newPoolEntry(PoolBase.java:201)
	at com.zaxxer.hikari.pool.HikariPool.createPoolEntry(HikariPool.java:473)
	at com.zaxxer.hikari.pool.HikariPool.checkFailFast(HikariPool.java:562)
	at com.zaxxer.hikari.pool.HikariPool.<init>(HikariPool.java:115)
	at com.zaxxer.hikari.HikariDataSource.getConnection(HikariDataSource.java:112)
	at org.hibernate.engine.jdbc.connections.internal.DatasourceConnectionProviderImpl.getConnection(DatasourceConnectionProviderImpl.java:122)
	at org.hibernate.engine.jdbc.env.internal.JdbcEnvironmentInitiator$ConnectionProviderJdbcConnectionAccess.obtainConnection(JdbcEnvironmentInitiator.java:180)
	at org.hibernate.engine.jdbc.env.internal.JdbcEnvironmentInitiator.initiateService(JdbcEnvironmentInitiator.java:68)
	at org.hibernate.engine.jdbc.env.internal.JdbcEnvironmentInitiator.initiateService(JdbcEnvironmentInitiator.java:35)
	at org.hibernate.boot.registry.internal.StandardServiceRegistryImpl.initiateService(StandardServiceRegistryImpl.java:101)
	at org.hibernate.service.internal.AbstractServiceRegistryImpl.createService(AbstractServiceRegistryImpl.java:263)
	at org.hibernate.service.internal.AbstractServiceRegistryImpl.initializeService(AbstractServiceRegistryImpl.java:237)
	at org.hibernate.service.internal.AbstractServiceRegistryImpl.getService(AbstractServiceRegistryImpl.java:214)
	at org.hibernate.id.factory.internal.DefaultIdentifierGeneratorFactory.injectServices(DefaultIdentifierGeneratorFactory.java:152)
	at org.hibernate.service.internal.AbstractServiceRegistryImpl.injectDependencies(AbstractServiceRegistryImpl.java:286)
	at org.hibernate.service.internal.AbstractServiceRegistryImpl.initializeService(AbstractServiceRegistryImpl.java:243)
	at org.hibernate.service.internal.AbstractServiceRegistryImpl.getService(AbstractServiceRegistryImpl.java:214)
	at org.hibernate.boot.internal.InFlightMetadataCollectorImpl.<init>(InFlightMetadataCollectorImpl.java:175)
	at org.hibernate.boot.model.process.spi.MetadataBuildingProcess.complete(MetadataBuildingProcess.java:118)
	at org.hibernate.jpa.boot.internal.EntityManagerFactoryBuilderImpl.metadata(EntityManagerFactoryBuilderImpl.java:900)
	at org.hibernate.jpa.boot.internal.EntityManagerFactoryBuilderImpl.build(EntityManagerFactoryBuilderImpl.java:931)
	at org.springframework.orm.jpa.vendor.SpringHibernateJpaPersistenceProvider.createContainerEntityManagerFactory(SpringHibernateJpaPersistenceProvider.java:58)
	at org.springframework.orm.jpa.LocalContainerEntityManagerFactoryBean.createNativeEntityManagerFactory(LocalContainerEntityManagerFactoryBean.java:365)
	at org.springframework.orm.jpa.AbstractEntityManagerFactoryBean.buildNativeEntityManagerFactory(AbstractEntityManagerFactoryBean.java:391)
	at org.springframework.orm.jpa.AbstractEntityManagerFactoryBean.afterPropertiesSet(AbstractEntityManagerFactoryBean.java:378)
	at org.springframework.orm.jpa.LocalContainerEntityManagerFactoryBean.afterPropertiesSet(LocalContainerEntityManagerFactoryBean.java:341)
	at org.springframework.beans.factory.support.AbstractAutowireCapableBeanFactory.invokeInitMethods(AbstractAutowireCapableBeanFactory.java:1862)
	at org.springframework.beans.factory.support.AbstractAutowireCapableBeanFactory.initializeBean(AbstractAutowireCapableBeanFactory.java:1799)
	at org.springframework.beans.factory.support.AbstractAutowireCapableBeanFactory.doCreateBean(AbstractAutowireCapableBeanFactory.java:595)
	at org.springframework.beans.factory.support.AbstractAutowireCapableBeanFactory.createBean(AbstractAutowireCapableBeanFactory.java:517)
	at org.springframework.beans.factory.support.AbstractBeanFactory.lambda$doGetBean$0(AbstractBeanFactory.java:323)
	at org.springframework.beans.factory.support.DefaultSingletonBeanRegistry.getSingleton(DefaultSingletonBeanRegistry.java:222)
	at org.springframework.beans.factory.support.AbstractBeanFactory.doGetBean(AbstractBeanFactory.java:321)
	at org.springframework.beans.factory.support.AbstractBeanFactory.getBean(AbstractBeanFactory.java:202)
	at org.springframework.beans.factory.support.BeanDefinitionValueResolver.resolveReference(BeanDefinitionValueResolver.java:330)
	at org.springframework.beans.factory.support.BeanDefinitionValueResolver.resolveValueIfNecessary(BeanDefinitionValueResolver.java:113)
	at org.springframework.beans.factory.support.ConstructorResolver.resolveConstructorArguments(ConstructorResolver.java:680)
	at org.springframework.beans.factory.support.ConstructorResolver.instantiateUsingFactoryMethod(ConstructorResolver.java:498)
	at org.springframework.beans.factory.support.AbstractAutowireCapableBeanFactory.instantiateUsingFactoryMethod(AbstractAutowireCapableBeanFactory.java:1338)
	at org.springframework.beans.factory.support.AbstractAutowireCapableBeanFactory.createBeanInstance(AbstractAutowireCapableBeanFactory.java:1177)
	at org.springframework.beans.factory.support.AbstractAutowireCapableBeanFactory.doCreateBean(AbstractAutowireCapableBeanFactory.java:557)
	at org.springframework.beans.factory.support.AbstractAutowireCapableBeanFactory.createBean(AbstractAutowireCapableBeanFactory.java:517)
	at org.springframework.beans.factory.support.BeanDefinitionValueResolver.resolveInnerBean(BeanDefinitionValueResolver.java:374)
	at org.springframework.beans.factory.support.BeanDefinitionValueResolver.resolveValueIfNecessary(BeanDefinitionValueResolver.java:134)
	at org.springframework.beans.factory.support.AbstractAutowireCapableBeanFactory.applyPropertyValues(AbstractAutowireCapableBeanFactory.java:1706)
	at org.springframework.beans.factory.support.AbstractAutowireCapableBeanFactory.populateBean(AbstractAutowireCapableBeanFactory.java:1451)
	at org.springframework.beans.factory.support.AbstractAutowireCapableBeanFactory.doCreateBean(AbstractAutowireCapableBeanFactory.java:594)
	at org.springframework.beans.factory.support.AbstractAutowireCapableBeanFactory.createBean(AbstractAutowireCapableBeanFactory.java:517)
	at org.springframework.beans.factory.support.AbstractBeanFactory.lambda$doGetBean$0(AbstractBeanFactory.java:323)
	at org.springframework.beans.factory.support.DefaultSingletonBeanRegistry.getSingleton(DefaultSingletonBeanRegistry.java:222)
	at org.springframework.beans.factory.support.AbstractBeanFactory.doGetBean(AbstractBeanFactory.java:321)
	at org.springframework.beans.factory.support.AbstractBeanFactory.getBean(AbstractBeanFactory.java:202)
	at org.springframework.beans.factory.config.DependencyDescriptor.resolveCandidate(DependencyDescriptor.java:276)
	at org.springframework.beans.factory.support.DefaultListableBeanFactory.doResolveDependency(DefaultListableBeanFactory.java:1287)
	at org.springframework.beans.factory.support.DefaultListableBeanFactory.resolveDependency(DefaultListableBeanFactory.java:1207)
	at org.springframework.beans.factory.annotation.AutowiredAnnotationBeanPostProcessor$AutowiredFieldElement.inject(AutowiredAnnotationBeanPostProcessor.java:636)
	at org.springframework.beans.factory.annotation.InjectionMetadata.inject(InjectionMetadata.java:116)
	at org.springframework.beans.factory.annotation.AutowiredAnnotationBeanPostProcessor.postProcessProperties(AutowiredAnnotationBeanPostProcessor.java:397)
	at org.springframework.beans.factory.support.AbstractAutowireCapableBeanFactory.populateBean(AbstractAutowireCapableBeanFactory.java:1429)
	at org.springframework.beans.factory.support.AbstractAutowireCapableBeanFactory.doCreateBean(AbstractAutowireCapableBeanFactory.java:594)
	at org.springframework.beans.factory.support.AbstractAutowireCapableBeanFactory.createBean(AbstractAutowireCapableBeanFactory.java:517)
	at org.springframework.beans.factory.support.AbstractBeanFactory.lambda$doGetBean$0(AbstractBeanFactory.java:323)
	at org.springframework.beans.factory.support.DefaultSingletonBeanRegistry.getSingleton(DefaultSingletonBeanRegistry.java:222)
	at org.springframework.beans.factory.support.AbstractBeanFactory.doGetBean(AbstractBeanFactory.java:321)
	at org.springframework.beans.factory.support.AbstractBeanFactory.getBean(AbstractBeanFactory.java:202)
	at org.springframework.beans.factory.support.ConstructorResolver.instantiateUsingFactoryMethod(ConstructorResolver.java:400)
	at org.springframework.beans.factory.support.AbstractAutowireCapableBeanFactory.instantiateUsingFactoryMethod(AbstractAutowireCapableBeanFactory.java:1338)
	at org.springframework.beans.factory.support.AbstractAutowireCapableBeanFactory.createBeanInstance(AbstractAutowireCapableBeanFactory.java:1177)
	at org.springframework.beans.factory.support.AbstractAutowireCapableBeanFactory.doCreateBean(AbstractAutowireCapableBeanFactory.java:557)
	at org.springframework.beans.factory.support.AbstractAutowireCapableBeanFactory.createBean(AbstractAutowireCapableBeanFactory.java:517)
	at org.springframework.beans.factory.support.AbstractBeanFactory.lambda$doGetBean$0(AbstractBeanFactory.java:323)
	at org.springframework.beans.factory.support.DefaultSingletonBeanRegistry.getSingleton(DefaultSingletonBeanRegistry.java:222)
	at org.springframework.beans.factory.support.AbstractBeanFactory.doGetBean(AbstractBeanFactory.java:321)
	at org.springframework.beans.factory.support.AbstractBeanFactory.getBean(AbstractBeanFactory.java:207)
	at org.springframework.boot.web.servlet.context.ServletWebServerApplicationContext.getWebServerFactory(ServletWebServerApplicationContext.java:210)
	at org.springframework.boot.web.servlet.context.ServletWebServerApplicationContext.createWebServer(ServletWebServerApplicationContext.java:179)
	at org.springframework.boot.web.servlet.context.ServletWebServerApplicationContext.onRefresh(ServletWebServerApplicationContext.java:153)
	at org.springframework.context.support.AbstractApplicationContext.refresh(AbstractApplicationContext.java:544)
	at org.springframework.boot.web.servlet.context.ServletWebServerApplicationContext.refresh(ServletWebServerApplicationContext.java:141)
	at org.springframework.boot.SpringApplication.refresh(SpringApplication.java:747)
	at org.springframework.boot.SpringApplication.refreshContext(SpringApplication.java:397)
	at org.springframework.boot.SpringApplication.run(SpringApplication.java:315)
	at org.springframework.boot.SpringApplication.run(SpringApplication.java:1226)
	at org.springframework.boot.SpringApplication.run(SpringApplication.java:1215)
	at com.api.rec.member.Application.main(Application.java:35)
	at java.base/jdk.internal.reflect.NativeMethodAccessorImpl.invoke0(Native Method)
	at java.base/jdk.internal.reflect.NativeMethodAccessorImpl.invoke(NativeMethodAccessorImpl.java:62)
	at java.base/jdk.internal.reflect.DelegatingMethodAccessorImpl.invoke(DelegatingMethodAccessorImpl.java:43)
	at java.base/java.lang.reflect.Method.invoke(Method.java:566)
	at org.springframework.boot.devtools.restart.RestartLauncher.run(RestartLauncher.java:49)
Caused by: com.mysql.cj.exceptions.CJCommunicationsException: Communications link failure

The last packet sent successfully to the server was 0 milliseconds ago. The driver has not received any packets from the server.
	at java.base/jdk.internal.reflect.NativeConstructorAccessorImpl.newInstance0(Native Method)
	at java.base/jdk.internal.reflect.NativeConstructorAccessorImpl.newInstance(NativeConstructorAccessorImpl.java:62)
	at java.base/jdk.internal.reflect.DelegatingConstructorAccessorImpl.newInstance(DelegatingConstructorAccessorImpl.java:45)
	at java.base/java.lang.reflect.Constructor.newInstance(Constructor.java:490)
	at com.mysql.cj.exceptions.ExceptionFactory.createException(ExceptionFactory.java:61)
	at com.mysql.cj.exceptions.ExceptionFactory.createException(ExceptionFactory.java:105)
	at com.mysql.cj.exceptions.ExceptionFactory.createException(ExceptionFactory.java:151)
	at com.mysql.cj.exceptions.ExceptionFactory.createCommunicationsException(ExceptionFactory.java:167)
	at com.mysql.cj.protocol.a.NativeSocketConnection.connect(NativeSocketConnection.java:91)
	at com.mysql.cj.NativeSession.connect(NativeSession.java:144)
	at com.mysql.cj.jdbc.ConnectionImpl.connectOneTryOnly(ConnectionImpl.java:956)
	at com.mysql.cj.jdbc.ConnectionImpl.createNewIO(ConnectionImpl.java:826)
	... 95 common frames omitted
Caused by: java.net.ConnectException: Connection refused (Connection refused)
	at java.base/java.net.PlainSocketImpl.socketConnect(Native Method)
	at java.base/java.net.AbstractPlainSocketImpl.doConnect(AbstractPlainSocketImpl.java:412)
	at java.base/java.net.AbstractPlainSocketImpl.connectToAddress(AbstractPlainSocketImpl.java:255)
	at java.base/java.net.AbstractPlainSocketImpl.connect(AbstractPlainSocketImpl.java:237)
	at java.base/java.net.SocksSocketImpl.connect(SocksSocketImpl.java:392)
	at java.base/java.net.Socket.connect(Socket.java:609)
	at com.mysql.cj.protocol.StandardSocketFactory.connect(StandardSocketFactory.java:155)
	at com.mysql.cj.protocol.a.NativeSocketConnection.connect(NativeSocketConnection.java:65)
	... 98 common frames omitted
2023-06-03 15:20:55.872 [restartedMain] ERROR o.s.boot.SpringApplication:826 - Application run failed
org.springframework.context.ApplicationContextException: Unable to start web server; nested exception is org.springframework.beans.factory.UnsatisfiedDependencyException: Error creating bean with name 'application': Unsatisfied dependency expressed through field 'tbUserRepository'; nested exception is org.springframework.beans.factory.BeanCreationException: Error creating bean with name 'tbUserRepository': Cannot create inner bean '(inner bean)#47b52d43' of type [org.springframework.orm.jpa.SharedEntityManagerCreator] while setting bean property 'entityManager'; nested exception is org.springframework.beans.factory.BeanCreationException: Error creating bean with name '(inner bean)#47b52d43': Cannot resolve reference to bean 'entityManagerFactory' while setting constructor argument; nested exception is org.springframework.beans.factory.BeanCreationException: Error creating bean with name 'entityManagerFactory' defined in class path resource [org/springframework/boot/autoconfigure/orm/jpa/HibernateJpaConfiguration.class]: Invocation of init method failed; nested exception is org.hibernate.service.spi.ServiceException: Unable to create requested service [org.hibernate.engine.jdbc.env.spi.JdbcEnvironment]
	at org.springframework.boot.web.servlet.context.ServletWebServerApplicationContext.onRefresh(ServletWebServerApplicationContext.java:156)
	at org.springframework.context.support.AbstractApplicationContext.refresh(AbstractApplicationContext.java:544)
	at org.springframework.boot.web.servlet.context.ServletWebServerApplicationContext.refresh(ServletWebServerApplicationContext.java:141)
	at org.springframework.boot.SpringApplication.refresh(SpringApplication.java:747)
	at org.springframework.boot.SpringApplication.refreshContext(SpringApplication.java:397)
	at org.springframework.boot.SpringApplication.run(SpringApplication.java:315)
	at org.springframework.boot.SpringApplication.run(SpringApplication.java:1226)
	at org.springframework.boot.SpringApplication.run(SpringApplication.java:1215)
	at com.api.rec.member.Application.main(Application.java:35)
	at java.base/jdk.internal.reflect.NativeMethodAccessorImpl.invoke0(Native Method)
	at java.base/jdk.internal.reflect.NativeMethodAccessorImpl.invoke(NativeMethodAccessorImpl.java:62)
	at java.base/jdk.internal.reflect.DelegatingMethodAccessorImpl.invoke(DelegatingMethodAccessorImpl.java:43)
	at java.base/java.lang.reflect.Method.invoke(Method.java:566)
	at org.springframework.boot.devtools.restart.RestartLauncher.run(RestartLauncher.java:49)
Caused by: org.springframework.beans.factory.UnsatisfiedDependencyException: Error creating bean with name 'application': Unsatisfied dependency expressed through field 'tbUserRepository'; nested exception is org.springframework.beans.factory.BeanCreationException: Error creating bean with name 'tbUserRepository': Cannot create inner bean '(inner bean)#47b52d43' of type [org.springframework.orm.jpa.SharedEntityManagerCreator] while setting bean property 'entityManager'; nested exception is org.springframework.beans.factory.BeanCreationException: Error creating bean with name '(inner bean)#47b52d43': Cannot resolve reference to bean 'entityManagerFactory' while setting constructor argument; nested exception is org.springframework.beans.factory.BeanCreationException: Error creating bean with name 'entityManagerFactory' defined in class path resource [org/springframework/boot/autoconfigure/orm/jpa/HibernateJpaConfiguration.class]: Invocation of init method failed; nested exception is org.hibernate.service.spi.ServiceException: Unable to create requested service [org.hibernate.engine.jdbc.env.spi.JdbcEnvironment]
	at org.springframework.beans.factory.annotation.AutowiredAnnotationBeanPostProcessor$AutowiredFieldElement.inject(AutowiredAnnotationBeanPostProcessor.java:639)
	at org.springframework.beans.factory.annotation.InjectionMetadata.inject(InjectionMetadata.java:116)
	at org.springframework.beans.factory.annotation.AutowiredAnnotationBeanPostProcessor.postProcessProperties(AutowiredAnnotationBeanPostProcessor.java:397)
	at org.springframework.beans.factory.support.AbstractAutowireCapableBeanFactory.populateBean(AbstractAutowireCapableBeanFactory.java:1429)
	at org.springframework.beans.factory.support.AbstractAutowireCapableBeanFactory.doCreateBean(AbstractAutowireCapableBeanFactory.java:594)
	at org.springframework.beans.factory.support.AbstractAutowireCapableBeanFactory.createBean(AbstractAutowireCapableBeanFactory.java:517)
	at org.springframework.beans.factory.support.AbstractBeanFactory.lambda$doGetBean$0(AbstractBeanFactory.java:323)
	at org.springframework.beans.factory.support.DefaultSingletonBeanRegistry.getSingleton(DefaultSingletonBeanRegistry.java:222)
	at org.springframework.beans.factory.support.AbstractBeanFactory.doGetBean(AbstractBeanFactory.java:321)
	at org.springframework.beans.factory.support.AbstractBeanFactory.getBean(AbstractBeanFactory.java:202)
	at org.springframework.beans.factory.support.ConstructorResolver.instantiateUsingFactoryMethod(ConstructorResolver.java:400)
	at org.springframework.beans.factory.support.AbstractAutowireCapableBeanFactory.instantiateUsingFactoryMethod(AbstractAutowireCapableBeanFactory.java:1338)
	at org.springframework.beans.factory.support.AbstractAutowireCapableBeanFactory.createBeanInstance(AbstractAutowireCapableBeanFactory.java:1177)
	at org.springframework.beans.factory.support.AbstractAutowireCapableBeanFactory.doCreateBean(AbstractAutowireCapableBeanFactory.java:557)
	at org.springframework.beans.factory.support.AbstractAutowireCapableBeanFactory.createBean(AbstractAutowireCapableBeanFactory.java:517)
	at org.springframework.beans.factory.support.AbstractBeanFactory.lambda$doGetBean$0(AbstractBeanFactory.java:323)
	at org.springframework.beans.factory.support.DefaultSingletonBeanRegistry.getSingleton(DefaultSingletonBeanRegistry.java:222)
	at org.springframework.beans.factory.support.AbstractBeanFactory.doGetBean(AbstractBeanFactory.java:321)
	at org.springframework.beans.factory.support.AbstractBeanFactory.getBean(AbstractBeanFactory.java:207)
	at org.springframework.boot.web.servlet.context.ServletWebServerApplicationContext.getWebServerFactory(ServletWebServerApplicationContext.java:210)
	at org.springframework.boot.web.servlet.context.ServletWebServerApplicationContext.createWebServer(ServletWebServerApplicationContext.java:179)
	at org.springframework.boot.web.servlet.context.ServletWebServerApplicationContext.onRefresh(ServletWebServerApplicationContext.java:153)
	... 13 common frames omitted
Caused by: org.springframework.beans.factory.BeanCreationException: Error creating bean with name 'tbUserRepository': Cannot create inner bean '(inner bean)#47b52d43' of type [org.springframework.orm.jpa.SharedEntityManagerCreator] while setting bean property 'entityManager'; nested exception is org.springframework.beans.factory.BeanCreationException: Error creating bean with name '(inner bean)#47b52d43': Cannot resolve reference to bean 'entityManagerFactory' while setting constructor argument; nested exception is org.springframework.beans.factory.BeanCreationException: Error creating bean with name 'entityManagerFactory' defined in class path resource [org/springframework/boot/autoconfigure/orm/jpa/HibernateJpaConfiguration.class]: Invocation of init method failed; nested exception is org.hibernate.service.spi.ServiceException: Unable to create requested service [org.hibernate.engine.jdbc.env.spi.JdbcEnvironment]
	at org.springframework.beans.factory.support.BeanDefinitionValueResolver.resolveInnerBean(BeanDefinitionValueResolver.java:389)
	at org.springframework.beans.factory.support.BeanDefinitionValueResolver.resolveValueIfNecessary(BeanDefinitionValueResolver.java:134)
	at org.springframework.beans.factory.support.AbstractAutowireCapableBeanFactory.applyPropertyValues(AbstractAutowireCapableBeanFactory.java:1706)
	at org.springframework.beans.factory.support.AbstractAutowireCapableBeanFactory.populateBean(AbstractAutowireCapableBeanFactory.java:1451)
	at org.springframework.beans.factory.support.AbstractAutowireCapableBeanFactory.doCreateBean(AbstractAutowireCapableBeanFactory.java:594)
	at org.springframework.beans.factory.support.AbstractAutowireCapableBeanFactory.createBean(AbstractAutowireCapableBeanFactory.java:517)
	at org.springframework.beans.factory.support.AbstractBeanFactory.lambda$doGetBean$0(AbstractBeanFactory.java:323)
	at org.springframework.beans.factory.support.DefaultSingletonBeanRegistry.getSingleton(DefaultSingletonBeanRegistry.java:222)
	at org.springframework.beans.factory.support.AbstractBeanFactory.doGetBean(AbstractBeanFactory.java:321)
	at org.springframework.beans.factory.support.AbstractBeanFactory.getBean(AbstractBeanFactory.java:202)
	at org.springframework.beans.factory.config.DependencyDescriptor.resolveCandidate(DependencyDescriptor.java:276)
	at org.springframework.beans.factory.support.DefaultListableBeanFactory.doResolveDependency(DefaultListableBeanFactory.java:1287)
	at org.springframework.beans.factory.support.DefaultListableBeanFactory.resolveDependency(DefaultListableBeanFactory.java:1207)
	at org.springframework.beans.factory.annotation.AutowiredAnnotationBeanPostProcessor$AutowiredFieldElement.inject(AutowiredAnnotationBeanPostProcessor.java:636)
	... 34 common frames omitted
Caused by: org.springframework.beans.factory.BeanCreationException: Error creating bean with name '(inner bean)#47b52d43': Cannot resolve reference to bean 'entityManagerFactory' while setting constructor argument; nested exception is org.springframework.beans.factory.BeanCreationException: Error creating bean with name 'entityManagerFactory' defined in class path resource [org/springframework/boot/autoconfigure/orm/jpa/HibernateJpaConfiguration.class]: Invocation of init method failed; nested exception is org.hibernate.service.spi.ServiceException: Unable to create requested service [org.hibernate.engine.jdbc.env.spi.JdbcEnvironment]
	at org.springframework.beans.factory.support.BeanDefinitionValueResolver.resolveReference(BeanDefinitionValueResolver.java:342)
	at org.springframework.beans.factory.support.BeanDefinitionValueResolver.resolveValueIfNecessary(BeanDefinitionValueResolver.java:113)
	at org.springframework.beans.factory.support.ConstructorResolver.resolveConstructorArguments(ConstructorResolver.java:680)
	at org.springframework.beans.factory.support.ConstructorResolver.instantiateUsingFactoryMethod(ConstructorResolver.java:498)
	at org.springframework.beans.factory.support.AbstractAutowireCapableBeanFactory.instantiateUsingFactoryMethod(AbstractAutowireCapableBeanFactory.java:1338)
	at org.springframework.beans.factory.support.AbstractAutowireCapableBeanFactory.createBeanInstance(AbstractAutowireCapableBeanFactory.java:1177)
	at org.springframework.beans.factory.support.AbstractAutowireCapableBeanFactory.doCreateBean(AbstractAutowireCapableBeanFactory.java:557)
	at org.springframework.beans.factory.support.AbstractAutowireCapableBeanFactory.createBean(AbstractAutowireCapableBeanFactory.java:517)
	at org.springframework.beans.factory.support.BeanDefinitionValueResolver.resolveInnerBean(BeanDefinitionValueResolver.java:374)
	... 47 common frames omitted
Caused by: org.springframework.beans.factory.BeanCreationException: Error creating bean with name 'entityManagerFactory' defined in class path resource [org/springframework/boot/autoconfigure/orm/jpa/HibernateJpaConfiguration.class]: Invocation of init method failed; nested exception is org.hibernate.service.spi.ServiceException: Unable to create requested service [org.hibernate.engine.jdbc.env.spi.JdbcEnvironment]
	at org.springframework.beans.factory.support.AbstractAutowireCapableBeanFactory.initializeBean(AbstractAutowireCapableBeanFactory.java:1803)
	at org.springframework.beans.factory.support.AbstractAutowireCapableBeanFactory.doCreateBean(AbstractAutowireCapableBeanFactory.java:595)
	at org.springframework.beans.factory.support.AbstractAutowireCapableBeanFactory.createBean(AbstractAutowireCapableBeanFactory.java:517)
	at org.springframework.beans.factory.support.AbstractBeanFactory.lambda$doGetBean$0(AbstractBeanFactory.java:323)
	at org.springframework.beans.factory.support.DefaultSingletonBeanRegistry.getSingleton(DefaultSingletonBeanRegistry.java:222)
	at org.springframework.beans.factory.support.AbstractBeanFactory.doGetBean(AbstractBeanFactory.java:321)
	at org.springframework.beans.factory.support.AbstractBeanFactory.getBean(AbstractBeanFactory.java:202)
	at org.springframework.beans.factory.support.BeanDefinitionValueResolver.resolveReference(BeanDefinitionValueResolver.java:330)
	... 55 common frames omitted
Caused by: org.hibernate.service.spi.ServiceException: Unable to create requested service [org.hibernate.engine.jdbc.env.spi.JdbcEnvironment]
	at org.hibernate.service.internal.AbstractServiceRegistryImpl.createService(AbstractServiceRegistryImpl.java:275)
	at org.hibernate.service.internal.AbstractServiceRegistryImpl.initializeService(AbstractServiceRegistryImpl.java:237)
	at org.hibernate.service.internal.AbstractServiceRegistryImpl.getService(AbstractServiceRegistryImpl.java:214)
	at org.hibernate.id.factory.internal.DefaultIdentifierGeneratorFactory.injectServices(DefaultIdentifierGeneratorFactory.java:152)
	at org.hibernate.service.internal.AbstractServiceRegistryImpl.injectDependencies(AbstractServiceRegistryImpl.java:286)
	at org.hibernate.service.internal.AbstractServiceRegistryImpl.initializeService(AbstractServiceRegistryImpl.java:243)
	at org.hibernate.service.internal.AbstractServiceRegistryImpl.getService(AbstractServiceRegistryImpl.java:214)
	at org.hibernate.boot.internal.InFlightMetadataCollectorImpl.<init>(InFlightMetadataCollectorImpl.java:175)
	at org.hibernate.boot.model.process.spi.MetadataBuildingProcess.complete(MetadataBuildingProcess.java:118)
	at org.hibernate.jpa.boot.internal.EntityManagerFactoryBuilderImpl.metadata(EntityManagerFactoryBuilderImpl.java:900)
	at org.hibernate.jpa.boot.internal.EntityManagerFactoryBuilderImpl.build(EntityManagerFactoryBuilderImpl.java:931)
	at org.springframework.orm.jpa.vendor.SpringHibernateJpaPersistenceProvider.createContainerEntityManagerFactory(SpringHibernateJpaPersistenceProvider.java:58)
	at org.springframework.orm.jpa.LocalContainerEntityManagerFactoryBean.createNativeEntityManagerFactory(LocalContainerEntityManagerFactoryBean.java:365)
	at org.springframework.orm.jpa.AbstractEntityManagerFactoryBean.buildNativeEntityManagerFactory(AbstractEntityManagerFactoryBean.java:391)
	at org.springframework.orm.jpa.AbstractEntityManagerFactoryBean.afterPropertiesSet(AbstractEntityManagerFactoryBean.java:378)
	at org.springframework.orm.jpa.LocalContainerEntityManagerFactoryBean.afterPropertiesSet(LocalContainerEntityManagerFactoryBean.java:341)
	at org.springframework.beans.factory.support.AbstractAutowireCapableBeanFactory.invokeInitMethods(AbstractAutowireCapableBeanFactory.java:1862)
	at org.springframework.beans.factory.support.AbstractAutowireCapableBeanFactory.initializeBean(AbstractAutowireCapableBeanFactory.java:1799)
	... 62 common frames omitted
Caused by: org.hibernate.HibernateException: Access to DialectResolutionInfo cannot be null when 'hibernate.dialect' not set
	at org.hibernate.engine.jdbc.dialect.internal.DialectFactoryImpl.determineDialect(DialectFactoryImpl.java:100)
	at org.hibernate.engine.jdbc.dialect.internal.DialectFactoryImpl.buildDialect(DialectFactoryImpl.java:54)
	at org.hibernate.engine.jdbc.env.internal.JdbcEnvironmentInitiator.initiateService(JdbcEnvironmentInitiator.java:137)
	at org.hibernate.engine.jdbc.env.internal.JdbcEnvironmentInitiator.initiateService(JdbcEnvironmentInitiator.java:35)
	at org.hibernate.boot.registry.internal.StandardServiceRegistryImpl.initiateService(StandardServiceRegistryImpl.java:101)
	at org.hibernate.service.internal.AbstractServiceRegistryImpl.createService(AbstractServiceRegistryImpl.java:263)
	... 79 common frames omitted
2023-06-03 15:31:01.228 [http-nio-2081-exec-1] ERROR o.a.c.c.C.[.[.[.[dispatcherServlet]:175 - Servlet.service() for servlet [dispatcherServlet] in context with path [] threw exception [Handler dispatch failed; nested exception is java.lang.Error: Unresolved compilation problems: 
	Cannot infer type arguments for ResponseEntity<>
	Syntax error on token ".", class expected after this token
] with root cause
java.lang.Error: Unresolved compilation problems: 
	Cannot infer type arguments for ResponseEntity<>
	Syntax error on token ".", class expected after this token

	at com.api.rec.member.controller.PaymentController.capturePayment(PaymentController.java:81) ~[classes/:na]
	at com.api.rec.member.controller.PaymentController$$FastClassBySpringCGLIB$$5cf72005.invoke(<generated>) ~[classes/:na]
	at org.springframework.cglib.proxy.MethodProxy.invoke(MethodProxy.java:218) ~[spring-core-5.2.0.RELEASE.jar:5.2.0.RELEASE]
	at org.springframework.aop.framework.CglibAopProxy$CglibMethodInvocation.invokeJoinpoint(CglibAopProxy.java:769) ~[spring-aop-5.2.0.RELEASE.jar:5.2.0.RELEASE]
	at org.springframework.aop.framework.ReflectiveMethodInvocation.proceed(ReflectiveMethodInvocation.java:163) ~[spring-aop-5.2.0.RELEASE.jar:5.2.0.RELEASE]
	at org.springframework.aop.framework.CglibAopProxy$CglibMethodInvocation.proceed(CglibAopProxy.java:747) ~[spring-aop-5.2.0.RELEASE.jar:5.2.0.RELEASE]
	at org.springframework.transaction.interceptor.TransactionAspectSupport.invokeWithinTransaction(TransactionAspectSupport.java:353) ~[spring-tx-5.2.0.RELEASE.jar:5.2.0.RELEASE]
	at org.springframework.transaction.interceptor.TransactionInterceptor.invoke(TransactionInterceptor.java:99) ~[spring-tx-5.2.0.RELEASE.jar:5.2.0.RELEASE]
	at org.springframework.aop.framework.ReflectiveMethodInvocation.proceed(ReflectiveMethodInvocation.java:186) ~[spring-aop-5.2.0.RELEASE.jar:5.2.0.RELEASE]
	at org.springframework.aop.framework.CglibAopProxy$CglibMethodInvocation.proceed(CglibAopProxy.java:747) ~[spring-aop-5.2.0.RELEASE.jar:5.2.0.RELEASE]
	at org.springframework.aop.framework.CglibAopProxy$DynamicAdvisedInterceptor.intercept(CglibAopProxy.java:689) ~[spring-aop-5.2.0.RELEASE.jar:5.2.0.RELEASE]
	at com.api.rec.member.controller.PaymentController$$EnhancerBySpringCGLIB$$1397882.capturePayment(<generated>) ~[classes/:na]
	at java.base/jdk.internal.reflect.NativeMethodAccessorImpl.invoke0(Native Method) ~[na:na]
	at java.base/jdk.internal.reflect.NativeMethodAccessorImpl.invoke(NativeMethodAccessorImpl.java:62) ~[na:na]
	at java.base/jdk.internal.reflect.DelegatingMethodAccessorImpl.invoke(DelegatingMethodAccessorImpl.java:43) ~[na:na]
	at java.base/java.lang.reflect.Method.invoke(Method.java:566) ~[na:na]
	at org.springframework.web.method.support.InvocableHandlerMethod.doInvoke(InvocableHandlerMethod.java:190) ~[spring-web-5.2.0.RELEASE.jar:5.2.0.RELEASE]
	at org.springframework.web.method.support.InvocableHandlerMethod.invokeForRequest(InvocableHandlerMethod.java:138) ~[spring-web-5.2.0.RELEASE.jar:5.2.0.RELEASE]
	at org.springframework.web.servlet.mvc.method.annotation.ServletInvocableHandlerMethod.invokeAndHandle(ServletInvocableHandlerMethod.java:106) ~[spring-webmvc-5.2.0.RELEASE.jar:5.2.0.RELEASE]
	at org.springframework.web.servlet.mvc.method.annotation.RequestMappingHandlerAdapter.invokeHandlerMethod(RequestMappingHandlerAdapter.java:888) ~[spring-webmvc-5.2.0.RELEASE.jar:5.2.0.RELEASE]
	at org.springframework.web.servlet.mvc.method.annotation.RequestMappingHandlerAdapter.handleInternal(RequestMappingHandlerAdapter.java:793) ~[spring-webmvc-5.2.0.RELEASE.jar:5.2.0.RELEASE]
	at org.springframework.web.servlet.mvc.method.AbstractHandlerMethodAdapter.handle(AbstractHandlerMethodAdapter.java:87) ~[spring-webmvc-5.2.0.RELEASE.jar:5.2.0.RELEASE]
	at org.springframework.web.servlet.DispatcherServlet.doDispatch(DispatcherServlet.java:1040) ~[spring-webmvc-5.2.0.RELEASE.jar:5.2.0.RELEASE]
	at org.springframework.web.servlet.DispatcherServlet.doService(DispatcherServlet.java:943) ~[spring-webmvc-5.2.0.RELEASE.jar:5.2.0.RELEASE]
	at org.springframework.web.servlet.FrameworkServlet.processRequest(FrameworkServlet.java:1006) ~[spring-webmvc-5.2.0.RELEASE.jar:5.2.0.RELEASE]
	at org.springframework.web.servlet.FrameworkServlet.doPost(FrameworkServlet.java:909) ~[spring-webmvc-5.2.0.RELEASE.jar:5.2.0.RELEASE]
	at javax.servlet.http.HttpServlet.service(HttpServlet.java:660) ~[tomcat-embed-core-9.0.27.jar:9.0.27]
	at org.springframework.web.servlet.FrameworkServlet.service(FrameworkServlet.java:883) ~[spring-webmvc-5.2.0.RELEASE.jar:5.2.0.RELEASE]
	at javax.servlet.http.HttpServlet.service(HttpServlet.java:741) ~[tomcat-embed-core-9.0.27.jar:9.0.27]
	at org.apache.catalina.core.ApplicationFilterChain.internalDoFilter(ApplicationFilterChain.java:231) ~[tomcat-embed-core-9.0.27.jar:9.0.27]
	at org.apache.catalina.core.ApplicationFilterChain.doFilter(ApplicationFilterChain.java:166) ~[tomcat-embed-core-9.0.27.jar:9.0.27]
	at org.apache.tomcat.websocket.server.WsFilter.doFilter(WsFilter.java:53) ~[tomcat-embed-websocket-9.0.27.jar:9.0.27]
	at org.apache.catalina.core.ApplicationFilterChain.internalDoFilter(ApplicationFilterChain.java:193) ~[tomcat-embed-core-9.0.27.jar:9.0.27]
	at org.apache.catalina.core.ApplicationFilterChain.doFilter(ApplicationFilterChain.java:166) ~[tomcat-embed-core-9.0.27.jar:9.0.27]
	at org.springframework.web.filter.RequestContextFilter.doFilterInternal(RequestContextFilter.java:100) ~[spring-web-5.2.0.RELEASE.jar:5.2.0.RELEASE]
	at org.springframework.web.filter.OncePerRequestFilter.doFilter(OncePerRequestFilter.java:119) ~[spring-web-5.2.0.RELEASE.jar:5.2.0.RELEASE]
	at org.apache.catalina.core.ApplicationFilterChain.internalDoFilter(ApplicationFilterChain.java:193) ~[tomcat-embed-core-9.0.27.jar:9.0.27]
	at org.apache.catalina.core.ApplicationFilterChain.doFilter(ApplicationFilterChain.java:166) ~[tomcat-embed-core-9.0.27.jar:9.0.27]
	at org.springframework.web.filter.FormContentFilter.doFilterInternal(FormContentFilter.java:93) ~[spring-web-5.2.0.RELEASE.jar:5.2.0.RELEASE]
	at org.springframework.web.filter.OncePerRequestFilter.doFilter(OncePerRequestFilter.java:119) ~[spring-web-5.2.0.RELEASE.jar:5.2.0.RELEASE]
	at org.apache.catalina.core.ApplicationFilterChain.internalDoFilter(ApplicationFilterChain.java:193) ~[tomcat-embed-core-9.0.27.jar:9.0.27]
	at org.apache.catalina.core.ApplicationFilterChain.doFilter(ApplicationFilterChain.java:166) ~[tomcat-embed-core-9.0.27.jar:9.0.27]
	at org.springframework.boot.actuate.metrics.web.servlet.WebMvcMetricsFilter.doFilterInternal(WebMvcMetricsFilter.java:108) ~[spring-boot-actuator-2.2.0.RELEASE.jar:2.2.0.RELEASE]
	at org.springframework.web.filter.OncePerRequestFilter.doFilter(OncePerRequestFilter.java:119) ~[spring-web-5.2.0.RELEASE.jar:5.2.0.RELEASE]
	at org.apache.catalina.core.ApplicationFilterChain.internalDoFilter(ApplicationFilterChain.java:193) ~[tomcat-embed-core-9.0.27.jar:9.0.27]
	at org.apache.catalina.core.ApplicationFilterChain.doFilter(ApplicationFilterChain.java:166) ~[tomcat-embed-core-9.0.27.jar:9.0.27]
	at org.springframework.web.filter.CharacterEncodingFilter.doFilterInternal(CharacterEncodingFilter.java:201) ~[spring-web-5.2.0.RELEASE.jar:5.2.0.RELEASE]
	at org.springframework.web.filter.OncePerRequestFilter.doFilter(OncePerRequestFilter.java:119) ~[spring-web-5.2.0.RELEASE.jar:5.2.0.RELEASE]
	at org.apache.catalina.core.ApplicationFilterChain.internalDoFilter(ApplicationFilterChain.java:193) ~[tomcat-embed-core-9.0.27.jar:9.0.27]
	at org.apache.catalina.core.ApplicationFilterChain.doFilter(ApplicationFilterChain.java:166) ~[tomcat-embed-core-9.0.27.jar:9.0.27]
	at org.apache.catalina.core.StandardWrapperValve.invoke(StandardWrapperValve.java:202) ~[tomcat-embed-core-9.0.27.jar:9.0.27]
	at org.apache.catalina.core.StandardContextValve.invoke(StandardContextValve.java:96) ~[tomcat-embed-core-9.0.27.jar:9.0.27]
	at org.apache.catalina.authenticator.AuthenticatorBase.invoke(AuthenticatorBase.java:526) ~[tomcat-embed-core-9.0.27.jar:9.0.27]
	at org.apache.catalina.core.StandardHostValve.invoke(StandardHostValve.java:139) ~[tomcat-embed-core-9.0.27.jar:9.0.27]
	at org.apache.catalina.valves.ErrorReportValve.invoke(ErrorReportValve.java:92) ~[tomcat-embed-core-9.0.27.jar:9.0.27]
	at org.apache.catalina.core.StandardEngineValve.invoke(StandardEngineValve.java:74) ~[tomcat-embed-core-9.0.27.jar:9.0.27]
	at org.apache.catalina.connector.CoyoteAdapter.service(CoyoteAdapter.java:343) ~[tomcat-embed-core-9.0.27.jar:9.0.27]
	at org.apache.coyote.http11.Http11Processor.service(Http11Processor.java:408) ~[tomcat-embed-core-9.0.27.jar:9.0.27]
	at org.apache.coyote.AbstractProcessorLight.process(AbstractProcessorLight.java:66) ~[tomcat-embed-core-9.0.27.jar:9.0.27]
	at org.apache.coyote.AbstractProtocol$ConnectionHandler.process(AbstractProtocol.java:861) ~[tomcat-embed-core-9.0.27.jar:9.0.27]
	at org.apache.tomcat.util.net.NioEndpoint$SocketProcessor.doRun(NioEndpoint.java:1579) ~[tomcat-embed-core-9.0.27.jar:9.0.27]
	at org.apache.tomcat.util.net.SocketProcessorBase.run(SocketProcessorBase.java:49) ~[tomcat-embed-core-9.0.27.jar:9.0.27]
	at java.base/java.util.concurrent.ThreadPoolExecutor.runWorker(ThreadPoolExecutor.java:1128) ~[na:na]
	at java.base/java.util.concurrent.ThreadPoolExecutor$Worker.run(ThreadPoolExecutor.java:628) ~[na:na]
	at org.apache.tomcat.util.threads.TaskThread$WrappingRunnable.run(TaskThread.java:61) ~[tomcat-embed-core-9.0.27.jar:9.0.27]
	at java.base/java.lang.Thread.run(Thread.java:829) ~[na:na]
2023-06-03 15:31:19.937 [http-nio-2081-exec-5] ERROR o.a.c.c.C.[.[.[.[dispatcherServlet]:175 - Servlet.service() for servlet [dispatcherServlet] in context with path [] threw exception [Handler dispatch failed; nested exception is java.lang.Error: Unresolved compilation problems: 
	Cannot infer type arguments for ResponseEntity<>
	Syntax error on token ".", class expected after this token
] with root cause
java.lang.Error: Unresolved compilation problems: 
	Cannot infer type arguments for ResponseEntity<>
	Syntax error on token ".", class expected after this token

	at com.api.rec.member.controller.PaymentController.capturePayment(PaymentController.java:81) ~[classes/:na]
	at com.api.rec.member.controller.PaymentController$$FastClassBySpringCGLIB$$5cf72005.invoke(<generated>) ~[classes/:na]
	at org.springframework.cglib.proxy.MethodProxy.invoke(MethodProxy.java:218) ~[spring-core-5.2.0.RELEASE.jar:5.2.0.RELEASE]
	at org.springframework.aop.framework.CglibAopProxy$CglibMethodInvocation.invokeJoinpoint(CglibAopProxy.java:769) ~[spring-aop-5.2.0.RELEASE.jar:5.2.0.RELEASE]
	at org.springframework.aop.framework.ReflectiveMethodInvocation.proceed(ReflectiveMethodInvocation.java:163) ~[spring-aop-5.2.0.RELEASE.jar:5.2.0.RELEASE]
	at org.springframework.aop.framework.CglibAopProxy$CglibMethodInvocation.proceed(CglibAopProxy.java:747) ~[spring-aop-5.2.0.RELEASE.jar:5.2.0.RELEASE]
	at org.springframework.transaction.interceptor.TransactionAspectSupport.invokeWithinTransaction(TransactionAspectSupport.java:353) ~[spring-tx-5.2.0.RELEASE.jar:5.2.0.RELEASE]
	at org.springframework.transaction.interceptor.TransactionInterceptor.invoke(TransactionInterceptor.java:99) ~[spring-tx-5.2.0.RELEASE.jar:5.2.0.RELEASE]
	at org.springframework.aop.framework.ReflectiveMethodInvocation.proceed(ReflectiveMethodInvocation.java:186) ~[spring-aop-5.2.0.RELEASE.jar:5.2.0.RELEASE]
	at org.springframework.aop.framework.CglibAopProxy$CglibMethodInvocation.proceed(CglibAopProxy.java:747) ~[spring-aop-5.2.0.RELEASE.jar:5.2.0.RELEASE]
	at org.springframework.aop.framework.CglibAopProxy$DynamicAdvisedInterceptor.intercept(CglibAopProxy.java:689) ~[spring-aop-5.2.0.RELEASE.jar:5.2.0.RELEASE]
	at com.api.rec.member.controller.PaymentController$$EnhancerBySpringCGLIB$$1397882.capturePayment(<generated>) ~[classes/:na]
	at java.base/jdk.internal.reflect.NativeMethodAccessorImpl.invoke0(Native Method) ~[na:na]
	at java.base/jdk.internal.reflect.NativeMethodAccessorImpl.invoke(NativeMethodAccessorImpl.java:62) ~[na:na]
	at java.base/jdk.internal.reflect.DelegatingMethodAccessorImpl.invoke(DelegatingMethodAccessorImpl.java:43) ~[na:na]
	at java.base/java.lang.reflect.Method.invoke(Method.java:566) ~[na:na]
	at org.springframework.web.method.support.InvocableHandlerMethod.doInvoke(InvocableHandlerMethod.java:190) ~[spring-web-5.2.0.RELEASE.jar:5.2.0.RELEASE]
	at org.springframework.web.method.support.InvocableHandlerMethod.invokeForRequest(InvocableHandlerMethod.java:138) ~[spring-web-5.2.0.RELEASE.jar:5.2.0.RELEASE]
	at org.springframework.web.servlet.mvc.method.annotation.ServletInvocableHandlerMethod.invokeAndHandle(ServletInvocableHandlerMethod.java:106) ~[spring-webmvc-5.2.0.RELEASE.jar:5.2.0.RELEASE]
	at org.springframework.web.servlet.mvc.method.annotation.RequestMappingHandlerAdapter.invokeHandlerMethod(RequestMappingHandlerAdapter.java:888) ~[spring-webmvc-5.2.0.RELEASE.jar:5.2.0.RELEASE]
	at org.springframework.web.servlet.mvc.method.annotation.RequestMappingHandlerAdapter.handleInternal(RequestMappingHandlerAdapter.java:793) ~[spring-webmvc-5.2.0.RELEASE.jar:5.2.0.RELEASE]
	at org.springframework.web.servlet.mvc.method.AbstractHandlerMethodAdapter.handle(AbstractHandlerMethodAdapter.java:87) ~[spring-webmvc-5.2.0.RELEASE.jar:5.2.0.RELEASE]
	at org.springframework.web.servlet.DispatcherServlet.doDispatch(DispatcherServlet.java:1040) ~[spring-webmvc-5.2.0.RELEASE.jar:5.2.0.RELEASE]
	at org.springframework.web.servlet.DispatcherServlet.doService(DispatcherServlet.java:943) ~[spring-webmvc-5.2.0.RELEASE.jar:5.2.0.RELEASE]
	at org.springframework.web.servlet.FrameworkServlet.processRequest(FrameworkServlet.java:1006) ~[spring-webmvc-5.2.0.RELEASE.jar:5.2.0.RELEASE]
	at org.springframework.web.servlet.FrameworkServlet.doPost(FrameworkServlet.java:909) ~[spring-webmvc-5.2.0.RELEASE.jar:5.2.0.RELEASE]
	at javax.servlet.http.HttpServlet.service(HttpServlet.java:660) ~[tomcat-embed-core-9.0.27.jar:9.0.27]
	at org.springframework.web.servlet.FrameworkServlet.service(FrameworkServlet.java:883) ~[spring-webmvc-5.2.0.RELEASE.jar:5.2.0.RELEASE]
	at javax.servlet.http.HttpServlet.service(HttpServlet.java:741) ~[tomcat-embed-core-9.0.27.jar:9.0.27]
	at org.apache.catalina.core.ApplicationFilterChain.internalDoFilter(ApplicationFilterChain.java:231) ~[tomcat-embed-core-9.0.27.jar:9.0.27]
	at org.apache.catalina.core.ApplicationFilterChain.doFilter(ApplicationFilterChain.java:166) ~[tomcat-embed-core-9.0.27.jar:9.0.27]
	at org.apache.tomcat.websocket.server.WsFilter.doFilter(WsFilter.java:53) ~[tomcat-embed-websocket-9.0.27.jar:9.0.27]
	at org.apache.catalina.core.ApplicationFilterChain.internalDoFilter(ApplicationFilterChain.java:193) ~[tomcat-embed-core-9.0.27.jar:9.0.27]
	at org.apache.catalina.core.ApplicationFilterChain.doFilter(ApplicationFilterChain.java:166) ~[tomcat-embed-core-9.0.27.jar:9.0.27]
	at org.springframework.web.filter.RequestContextFilter.doFilterInternal(RequestContextFilter.java:100) ~[spring-web-5.2.0.RELEASE.jar:5.2.0.RELEASE]
	at org.springframework.web.filter.OncePerRequestFilter.doFilter(OncePerRequestFilter.java:119) ~[spring-web-5.2.0.RELEASE.jar:5.2.0.RELEASE]
	at org.apache.catalina.core.ApplicationFilterChain.internalDoFilter(ApplicationFilterChain.java:193) ~[tomcat-embed-core-9.0.27.jar:9.0.27]
	at org.apache.catalina.core.ApplicationFilterChain.doFilter(ApplicationFilterChain.java:166) ~[tomcat-embed-core-9.0.27.jar:9.0.27]
	at org.springframework.web.filter.FormContentFilter.doFilterInternal(FormContentFilter.java:93) ~[spring-web-5.2.0.RELEASE.jar:5.2.0.RELEASE]
	at org.springframework.web.filter.OncePerRequestFilter.doFilter(OncePerRequestFilter.java:119) ~[spring-web-5.2.0.RELEASE.jar:5.2.0.RELEASE]
	at org.apache.catalina.core.ApplicationFilterChain.internalDoFilter(ApplicationFilterChain.java:193) ~[tomcat-embed-core-9.0.27.jar:9.0.27]
	at org.apache.catalina.core.ApplicationFilterChain.doFilter(ApplicationFilterChain.java:166) ~[tomcat-embed-core-9.0.27.jar:9.0.27]
	at org.springframework.boot.actuate.metrics.web.servlet.WebMvcMetricsFilter.doFilterInternal(WebMvcMetricsFilter.java:108) ~[spring-boot-actuator-2.2.0.RELEASE.jar:2.2.0.RELEASE]
	at org.springframework.web.filter.OncePerRequestFilter.doFilter(OncePerRequestFilter.java:119) ~[spring-web-5.2.0.RELEASE.jar:5.2.0.RELEASE]
	at org.apache.catalina.core.ApplicationFilterChain.internalDoFilter(ApplicationFilterChain.java:193) ~[tomcat-embed-core-9.0.27.jar:9.0.27]
	at org.apache.catalina.core.ApplicationFilterChain.doFilter(ApplicationFilterChain.java:166) ~[tomcat-embed-core-9.0.27.jar:9.0.27]
	at org.springframework.web.filter.CharacterEncodingFilter.doFilterInternal(CharacterEncodingFilter.java:201) ~[spring-web-5.2.0.RELEASE.jar:5.2.0.RELEASE]
	at org.springframework.web.filter.OncePerRequestFilter.doFilter(OncePerRequestFilter.java:119) ~[spring-web-5.2.0.RELEASE.jar:5.2.0.RELEASE]
	at org.apache.catalina.core.ApplicationFilterChain.internalDoFilter(ApplicationFilterChain.java:193) ~[tomcat-embed-core-9.0.27.jar:9.0.27]
	at org.apache.catalina.core.ApplicationFilterChain.doFilter(ApplicationFilterChain.java:166) ~[tomcat-embed-core-9.0.27.jar:9.0.27]
	at org.apache.catalina.core.StandardWrapperValve.invoke(StandardWrapperValve.java:202) ~[tomcat-embed-core-9.0.27.jar:9.0.27]
	at org.apache.catalina.core.StandardContextValve.invoke(StandardContextValve.java:96) ~[tomcat-embed-core-9.0.27.jar:9.0.27]
	at org.apache.catalina.authenticator.AuthenticatorBase.invoke(AuthenticatorBase.java:526) ~[tomcat-embed-core-9.0.27.jar:9.0.27]
	at org.apache.catalina.core.StandardHostValve.invoke(StandardHostValve.java:139) ~[tomcat-embed-core-9.0.27.jar:9.0.27]
	at org.apache.catalina.valves.ErrorReportValve.invoke(ErrorReportValve.java:92) ~[tomcat-embed-core-9.0.27.jar:9.0.27]
	at org.apache.catalina.core.StandardEngineValve.invoke(StandardEngineValve.java:74) ~[tomcat-embed-core-9.0.27.jar:9.0.27]
	at org.apache.catalina.connector.CoyoteAdapter.service(CoyoteAdapter.java:343) ~[tomcat-embed-core-9.0.27.jar:9.0.27]
	at org.apache.coyote.http11.Http11Processor.service(Http11Processor.java:408) ~[tomcat-embed-core-9.0.27.jar:9.0.27]
	at org.apache.coyote.AbstractProcessorLight.process(AbstractProcessorLight.java:66) ~[tomcat-embed-core-9.0.27.jar:9.0.27]
	at org.apache.coyote.AbstractProtocol$ConnectionHandler.process(AbstractProtocol.java:861) ~[tomcat-embed-core-9.0.27.jar:9.0.27]
	at org.apache.tomcat.util.net.NioEndpoint$SocketProcessor.doRun(NioEndpoint.java:1579) ~[tomcat-embed-core-9.0.27.jar:9.0.27]
	at org.apache.tomcat.util.net.SocketProcessorBase.run(SocketProcessorBase.java:49) ~[tomcat-embed-core-9.0.27.jar:9.0.27]
	at java.base/java.util.concurrent.ThreadPoolExecutor.runWorker(ThreadPoolExecutor.java:1128) ~[na:na]
	at java.base/java.util.concurrent.ThreadPoolExecutor$Worker.run(ThreadPoolExecutor.java:628) ~[na:na]
	at org.apache.tomcat.util.threads.TaskThread$WrappingRunnable.run(TaskThread.java:61) ~[tomcat-embed-core-9.0.27.jar:9.0.27]
	at java.base/java.lang.Thread.run(Thread.java:829) ~[na:na]
2023-06-03 15:36:19.500 [restartedMain] ERROR o.s.boot.SpringApplication:826 - Application run failed
org.springframework.beans.factory.BeanCreationException: Error creating bean with name 'paymentController' defined in file [/workspaces/mono-recrux/bsd-api-rec-member/target/classes/com/api/rec/member/controller/PaymentController.class]: Instantiation of bean failed; nested exception is org.springframework.beans.BeanInstantiationException: Failed to instantiate [com.api.rec.member.controller.PaymentController]: Constructor threw exception; nested exception is java.lang.Error: Unresolved compilation problems: 
	Syntax error, insert "}" to complete ClassBody
	Syntax error on token ")", delete this token
	Syntax error on token "}", delete this token

	at org.springframework.beans.factory.support.AbstractAutowireCapableBeanFactory.instantiateBean(AbstractAutowireCapableBeanFactory.java:1320) ~[spring-beans-5.2.0.RELEASE.jar:5.2.0.RELEASE]
	at org.springframework.beans.factory.support.AbstractAutowireCapableBeanFactory.createBeanInstance(AbstractAutowireCapableBeanFactory.java:1214) ~[spring-beans-5.2.0.RELEASE.jar:5.2.0.RELEASE]
	at org.springframework.beans.factory.support.AbstractAutowireCapableBeanFactory.doCreateBean(AbstractAutowireCapableBeanFactory.java:557) ~[spring-beans-5.2.0.RELEASE.jar:5.2.0.RELEASE]
	at org.springframework.beans.factory.support.AbstractAutowireCapableBeanFactory.createBean(AbstractAutowireCapableBeanFactory.java:517) ~[spring-beans-5.2.0.RELEASE.jar:5.2.0.RELEASE]
	at org.springframework.beans.factory.support.AbstractBeanFactory.lambda$doGetBean$0(AbstractBeanFactory.java:323) ~[spring-beans-5.2.0.RELEASE.jar:5.2.0.RELEASE]
	at org.springframework.beans.factory.support.DefaultSingletonBeanRegistry.getSingleton(DefaultSingletonBeanRegistry.java:222) ~[spring-beans-5.2.0.RELEASE.jar:5.2.0.RELEASE]
	at org.springframework.beans.factory.support.AbstractBeanFactory.doGetBean(AbstractBeanFactory.java:321) ~[spring-beans-5.2.0.RELEASE.jar:5.2.0.RELEASE]
	at org.springframework.beans.factory.support.AbstractBeanFactory.getBean(AbstractBeanFactory.java:202) ~[spring-beans-5.2.0.RELEASE.jar:5.2.0.RELEASE]
	at org.springframework.beans.factory.support.DefaultListableBeanFactory.preInstantiateSingletons(DefaultListableBeanFactory.java:879) ~[spring-beans-5.2.0.RELEASE.jar:5.2.0.RELEASE]
	at org.springframework.context.support.AbstractApplicationContext.finishBeanFactoryInitialization(AbstractApplicationContext.java:878) ~[spring-context-5.2.0.RELEASE.jar:5.2.0.RELEASE]
	at org.springframework.context.support.AbstractApplicationContext.refresh(AbstractApplicationContext.java:550) ~[spring-context-5.2.0.RELEASE.jar:5.2.0.RELEASE]
	at org.springframework.boot.web.servlet.context.ServletWebServerApplicationContext.refresh(ServletWebServerApplicationContext.java:141) ~[spring-boot-2.2.0.RELEASE.jar:2.2.0.RELEASE]
	at org.springframework.boot.SpringApplication.refresh(SpringApplication.java:747) ~[spring-boot-2.2.0.RELEASE.jar:2.2.0.RELEASE]
	at org.springframework.boot.SpringApplication.refreshContext(SpringApplication.java:397) ~[spring-boot-2.2.0.RELEASE.jar:2.2.0.RELEASE]
	at org.springframework.boot.SpringApplication.run(SpringApplication.java:315) ~[spring-boot-2.2.0.RELEASE.jar:2.2.0.RELEASE]
	at org.springframework.boot.SpringApplication.run(SpringApplication.java:1226) ~[spring-boot-2.2.0.RELEASE.jar:2.2.0.RELEASE]
	at org.springframework.boot.SpringApplication.run(SpringApplication.java:1215) ~[spring-boot-2.2.0.RELEASE.jar:2.2.0.RELEASE]
	at com.api.rec.member.Application.main(Application.java:35) ~[classes/:na]
	at java.base/jdk.internal.reflect.NativeMethodAccessorImpl.invoke0(Native Method) ~[na:na]
	at java.base/jdk.internal.reflect.NativeMethodAccessorImpl.invoke(NativeMethodAccessorImpl.java:62) ~[na:na]
	at java.base/jdk.internal.reflect.DelegatingMethodAccessorImpl.invoke(DelegatingMethodAccessorImpl.java:43) ~[na:na]
	at java.base/java.lang.reflect.Method.invoke(Method.java:566) ~[na:na]
	at org.springframework.boot.devtools.restart.RestartLauncher.run(RestartLauncher.java:49) ~[spring-boot-devtools-2.2.0.RELEASE.jar:2.2.0.RELEASE]
Caused by: org.springframework.beans.BeanInstantiationException: Failed to instantiate [com.api.rec.member.controller.PaymentController]: Constructor threw exception; nested exception is java.lang.Error: Unresolved compilation problems: 
	Syntax error, insert "}" to complete ClassBody
	Syntax error on token ")", delete this token
	Syntax error on token "}", delete this token

	at org.springframework.beans.BeanUtils.instantiateClass(BeanUtils.java:213) ~[spring-beans-5.2.0.RELEASE.jar:5.2.0.RELEASE]
	at org.springframework.beans.factory.support.SimpleInstantiationStrategy.instantiate(SimpleInstantiationStrategy.java:87) ~[spring-beans-5.2.0.RELEASE.jar:5.2.0.RELEASE]
	at org.springframework.beans.factory.support.AbstractAutowireCapableBeanFactory.instantiateBean(AbstractAutowireCapableBeanFactory.java:1312) ~[spring-beans-5.2.0.RELEASE.jar:5.2.0.RELEASE]
	... 22 common frames omitted
Caused by: java.lang.Error: Unresolved compilation problems: 
	Syntax error, insert "}" to complete ClassBody
	Syntax error on token ")", delete this token
	Syntax error on token "}", delete this token

	at com.api.rec.member.controller.PaymentController.<init>(PaymentController.java:50) ~[classes/:na]
	at java.base/jdk.internal.reflect.NativeConstructorAccessorImpl.newInstance0(Native Method) ~[na:na]
	at java.base/jdk.internal.reflect.NativeConstructorAccessorImpl.newInstance(NativeConstructorAccessorImpl.java:62) ~[na:na]
	at java.base/jdk.internal.reflect.DelegatingConstructorAccessorImpl.newInstance(DelegatingConstructorAccessorImpl.java:45) ~[na:na]
	at java.base/java.lang.reflect.Constructor.newInstance(Constructor.java:490) ~[na:na]
	at org.springframework.beans.BeanUtils.instantiateClass(BeanUtils.java:200) ~[spring-beans-5.2.0.RELEASE.jar:5.2.0.RELEASE]
	... 24 common frames omitted
2023-06-03 15:36:21.337 [restartedMain] ERROR o.apache.catalina.util.LifecycleBase:175 - Failed to initialize component [Connector[HTTP/1.1-2081]]
org.apache.catalina.LifecycleException: Protocol handler initialization failed
	at org.apache.catalina.connector.Connector.initInternal(Connector.java:983) ~[tomcat-embed-core-9.0.27.jar:9.0.27]
	at org.apache.catalina.util.LifecycleBase.init(LifecycleBase.java:136) ~[tomcat-embed-core-9.0.27.jar:9.0.27]
	at org.apache.catalina.core.StandardService.initInternal(StandardService.java:533) ~[tomcat-embed-core-9.0.27.jar:9.0.27]
	at org.apache.catalina.util.LifecycleBase.init(LifecycleBase.java:136) ~[tomcat-embed-core-9.0.27.jar:9.0.27]
	at org.apache.catalina.core.StandardServer.initInternal(StandardServer.java:1057) ~[tomcat-embed-core-9.0.27.jar:9.0.27]
	at org.apache.catalina.util.LifecycleBase.init(LifecycleBase.java:136) ~[tomcat-embed-core-9.0.27.jar:9.0.27]
	at org.apache.catalina.util.LifecycleBase.start(LifecycleBase.java:173) ~[tomcat-embed-core-9.0.27.jar:9.0.27]
	at org.apache.catalina.startup.Tomcat.start(Tomcat.java:459) ~[tomcat-embed-core-9.0.27.jar:9.0.27]
	at org.springframework.boot.web.embedded.tomcat.TomcatWebServer.initialize(TomcatWebServer.java:107) ~[spring-boot-2.2.0.RELEASE.jar:2.2.0.RELEASE]
	at org.springframework.boot.web.embedded.tomcat.TomcatWebServer.<init>(TomcatWebServer.java:88) ~[spring-boot-2.2.0.RELEASE.jar:2.2.0.RELEASE]
	at org.springframework.boot.web.embedded.tomcat.TomcatServletWebServerFactory.getTomcatWebServer(TomcatServletWebServerFactory.java:438) ~[spring-boot-2.2.0.RELEASE.jar:2.2.0.RELEASE]
	at org.springframework.boot.web.embedded.tomcat.TomcatServletWebServerFactory.getWebServer(TomcatServletWebServerFactory.java:191) ~[spring-boot-2.2.0.RELEASE.jar:2.2.0.RELEASE]
	at org.springframework.boot.web.servlet.context.ServletWebServerApplicationContext.createWebServer(ServletWebServerApplicationContext.java:180) ~[spring-boot-2.2.0.RELEASE.jar:2.2.0.RELEASE]
	at org.springframework.boot.web.servlet.context.ServletWebServerApplicationContext.onRefresh(ServletWebServerApplicationContext.java:153) ~[spring-boot-2.2.0.RELEASE.jar:2.2.0.RELEASE]
	at org.springframework.context.support.AbstractApplicationContext.refresh(AbstractApplicationContext.java:544) ~[spring-context-5.2.0.RELEASE.jar:5.2.0.RELEASE]
	at org.springframework.boot.web.servlet.context.ServletWebServerApplicationContext.refresh(ServletWebServerApplicationContext.java:141) ~[spring-boot-2.2.0.RELEASE.jar:2.2.0.RELEASE]
	at org.springframework.boot.SpringApplication.refresh(SpringApplication.java:747) ~[spring-boot-2.2.0.RELEASE.jar:2.2.0.RELEASE]
	at org.springframework.boot.SpringApplication.refreshContext(SpringApplication.java:397) ~[spring-boot-2.2.0.RELEASE.jar:2.2.0.RELEASE]
	at org.springframework.boot.SpringApplication.run(SpringApplication.java:315) ~[spring-boot-2.2.0.RELEASE.jar:2.2.0.RELEASE]
	at org.springframework.boot.SpringApplication.run(SpringApplication.java:1226) ~[spring-boot-2.2.0.RELEASE.jar:2.2.0.RELEASE]
	at org.springframework.boot.SpringApplication.run(SpringApplication.java:1215) ~[spring-boot-2.2.0.RELEASE.jar:2.2.0.RELEASE]
	at com.api.rec.member.Application.main(Application.java:35) ~[classes/:na]
	at java.base/jdk.internal.reflect.NativeMethodAccessorImpl.invoke0(Native Method) ~[na:na]
	at java.base/jdk.internal.reflect.NativeMethodAccessorImpl.invoke(NativeMethodAccessorImpl.java:62) ~[na:na]
	at java.base/jdk.internal.reflect.DelegatingMethodAccessorImpl.invoke(DelegatingMethodAccessorImpl.java:43) ~[na:na]
	at java.base/java.lang.reflect.Method.invoke(Method.java:566) ~[na:na]
	at org.springframework.boot.devtools.restart.RestartLauncher.run(RestartLauncher.java:49) ~[spring-boot-devtools-2.2.0.RELEASE.jar:2.2.0.RELEASE]
Caused by: java.net.BindException: Address already in use
	at java.base/sun.nio.ch.Net.bind0(Native Method) ~[na:na]
	at java.base/sun.nio.ch.Net.bind(Net.java:459) ~[na:na]
	at java.base/sun.nio.ch.Net.bind(Net.java:448) ~[na:na]
	at java.base/sun.nio.ch.ServerSocketChannelImpl.bind(ServerSocketChannelImpl.java:227) ~[na:na]
	at java.base/sun.nio.ch.ServerSocketAdaptor.bind(ServerSocketAdaptor.java:80) ~[na:na]
	at org.apache.tomcat.util.net.NioEndpoint.initServerSocket(NioEndpoint.java:230) ~[tomcat-embed-core-9.0.27.jar:9.0.27]
	at org.apache.tomcat.util.net.NioEndpoint.bind(NioEndpoint.java:213) ~[tomcat-embed-core-9.0.27.jar:9.0.27]
	at org.apache.tomcat.util.net.AbstractEndpoint.bindWithCleanup(AbstractEndpoint.java:1124) ~[tomcat-embed-core-9.0.27.jar:9.0.27]
	at org.apache.tomcat.util.net.AbstractEndpoint.init(AbstractEndpoint.java:1137) ~[tomcat-embed-core-9.0.27.jar:9.0.27]
	at org.apache.coyote.AbstractProtocol.init(AbstractProtocol.java:575) ~[tomcat-embed-core-9.0.27.jar:9.0.27]
	at org.apache.coyote.http11.AbstractHttp11Protocol.init(AbstractHttp11Protocol.java:74) ~[tomcat-embed-core-9.0.27.jar:9.0.27]
	at org.apache.catalina.connector.Connector.initInternal(Connector.java:980) ~[tomcat-embed-core-9.0.27.jar:9.0.27]
	... 26 common frames omitted
2023-06-03 15:36:21.848 [restartedMain] ERROR o.apache.catalina.util.LifecycleBase:175 - Failed to start component [Connector[HTTP/1.1-2081]]
org.apache.catalina.LifecycleException: Protocol handler start failed
	at org.apache.catalina.connector.Connector.startInternal(Connector.java:1008) ~[tomcat-embed-core-9.0.27.jar:9.0.27]
	at org.apache.catalina.util.LifecycleBase.start(LifecycleBase.java:183) ~[tomcat-embed-core-9.0.27.jar:9.0.27]
	at org.apache.catalina.core.StandardService.addConnector(StandardService.java:227) ~[tomcat-embed-core-9.0.27.jar:9.0.27]
	at org.springframework.boot.web.embedded.tomcat.TomcatWebServer.addPreviouslyRemovedConnectors(TomcatWebServer.java:278) ~[spring-boot-2.2.0.RELEASE.jar:2.2.0.RELEASE]
	at org.springframework.boot.web.embedded.tomcat.TomcatWebServer.start(TomcatWebServer.java:197) ~[spring-boot-2.2.0.RELEASE.jar:2.2.0.RELEASE]
	at org.springframework.boot.web.servlet.context.ServletWebServerApplicationContext.startWebServer(ServletWebServerApplicationContext.java:297) ~[spring-boot-2.2.0.RELEASE.jar:2.2.0.RELEASE]
	at org.springframework.boot.web.servlet.context.ServletWebServerApplicationContext.finishRefresh(ServletWebServerApplicationContext.java:163) ~[spring-boot-2.2.0.RELEASE.jar:2.2.0.RELEASE]
	at org.springframework.context.support.AbstractApplicationContext.refresh(AbstractApplicationContext.java:553) ~[spring-context-5.2.0.RELEASE.jar:5.2.0.RELEASE]
	at org.springframework.boot.web.servlet.context.ServletWebServerApplicationContext.refresh(ServletWebServerApplicationContext.java:141) ~[spring-boot-2.2.0.RELEASE.jar:2.2.0.RELEASE]
	at org.springframework.boot.SpringApplication.refresh(SpringApplication.java:747) ~[spring-boot-2.2.0.RELEASE.jar:2.2.0.RELEASE]
	at org.springframework.boot.SpringApplication.refreshContext(SpringApplication.java:397) ~[spring-boot-2.2.0.RELEASE.jar:2.2.0.RELEASE]
	at org.springframework.boot.SpringApplication.run(SpringApplication.java:315) ~[spring-boot-2.2.0.RELEASE.jar:2.2.0.RELEASE]
	at org.springframework.boot.SpringApplication.run(SpringApplication.java:1226) ~[spring-boot-2.2.0.RELEASE.jar:2.2.0.RELEASE]
	at org.springframework.boot.SpringApplication.run(SpringApplication.java:1215) ~[spring-boot-2.2.0.RELEASE.jar:2.2.0.RELEASE]
	at com.api.rec.member.Application.main(Application.java:35) ~[classes/:na]
	at java.base/jdk.internal.reflect.NativeMethodAccessorImpl.invoke0(Native Method) ~[na:na]
	at java.base/jdk.internal.reflect.NativeMethodAccessorImpl.invoke(NativeMethodAccessorImpl.java:62) ~[na:na]
	at java.base/jdk.internal.reflect.DelegatingMethodAccessorImpl.invoke(DelegatingMethodAccessorImpl.java:43) ~[na:na]
	at java.base/java.lang.reflect.Method.invoke(Method.java:566) ~[na:na]
	at org.springframework.boot.devtools.restart.RestartLauncher.run(RestartLauncher.java:49) ~[spring-boot-devtools-2.2.0.RELEASE.jar:2.2.0.RELEASE]
Caused by: java.net.BindException: Address already in use
	at java.base/sun.nio.ch.Net.bind0(Native Method) ~[na:na]
	at java.base/sun.nio.ch.Net.bind(Net.java:459) ~[na:na]
	at java.base/sun.nio.ch.Net.bind(Net.java:448) ~[na:na]
	at java.base/sun.nio.ch.ServerSocketChannelImpl.bind(ServerSocketChannelImpl.java:227) ~[na:na]
	at java.base/sun.nio.ch.ServerSocketAdaptor.bind(ServerSocketAdaptor.java:80) ~[na:na]
	at org.apache.tomcat.util.net.NioEndpoint.initServerSocket(NioEndpoint.java:230) ~[tomcat-embed-core-9.0.27.jar:9.0.27]
	at org.apache.tomcat.util.net.NioEndpoint.bind(NioEndpoint.java:213) ~[tomcat-embed-core-9.0.27.jar:9.0.27]
	at org.apache.tomcat.util.net.AbstractEndpoint.bindWithCleanup(AbstractEndpoint.java:1124) ~[tomcat-embed-core-9.0.27.jar:9.0.27]
	at org.apache.tomcat.util.net.AbstractEndpoint.start(AbstractEndpoint.java:1210) ~[tomcat-embed-core-9.0.27.jar:9.0.27]
	at org.apache.coyote.AbstractProtocol.start(AbstractProtocol.java:586) ~[tomcat-embed-core-9.0.27.jar:9.0.27]
	at org.apache.catalina.connector.Connector.startInternal(Connector.java:1005) ~[tomcat-embed-core-9.0.27.jar:9.0.27]
	... 19 common frames omitted
2023-06-03 15:36:21.860 [restartedMain] ERROR o.s.b.d.LoggingFailureAnalysisReporter:40 - 

***************************
APPLICATION FAILED TO START
***************************

Description:

The Tomcat connector configured to listen on port 2081 failed to start. The port may already be in use or the connector may be misconfigured.

Action:

Verify the connector's configuration, identify and stop any process that's listening on port 2081, or configure this application to listen on another port.

2023-06-03 15:36:27.805 [restartedMain] ERROR o.apache.catalina.util.LifecycleBase:175 - Failed to initialize component [Connector[HTTP/1.1-2081]]
org.apache.catalina.LifecycleException: Protocol handler initialization failed
	at org.apache.catalina.connector.Connector.initInternal(Connector.java:983) ~[tomcat-embed-core-9.0.27.jar:9.0.27]
	at org.apache.catalina.util.LifecycleBase.init(LifecycleBase.java:136) ~[tomcat-embed-core-9.0.27.jar:9.0.27]
	at org.apache.catalina.core.StandardService.initInternal(StandardService.java:533) ~[tomcat-embed-core-9.0.27.jar:9.0.27]
	at org.apache.catalina.util.LifecycleBase.init(LifecycleBase.java:136) ~[tomcat-embed-core-9.0.27.jar:9.0.27]
	at org.apache.catalina.core.StandardServer.initInternal(StandardServer.java:1057) ~[tomcat-embed-core-9.0.27.jar:9.0.27]
	at org.apache.catalina.util.LifecycleBase.init(LifecycleBase.java:136) ~[tomcat-embed-core-9.0.27.jar:9.0.27]
	at org.apache.catalina.util.LifecycleBase.start(LifecycleBase.java:173) ~[tomcat-embed-core-9.0.27.jar:9.0.27]
	at org.apache.catalina.startup.Tomcat.start(Tomcat.java:459) ~[tomcat-embed-core-9.0.27.jar:9.0.27]
	at org.springframework.boot.web.embedded.tomcat.TomcatWebServer.initialize(TomcatWebServer.java:107) ~[spring-boot-2.2.0.RELEASE.jar:2.2.0.RELEASE]
	at org.springframework.boot.web.embedded.tomcat.TomcatWebServer.<init>(TomcatWebServer.java:88) ~[spring-boot-2.2.0.RELEASE.jar:2.2.0.RELEASE]
	at org.springframework.boot.web.embedded.tomcat.TomcatServletWebServerFactory.getTomcatWebServer(TomcatServletWebServerFactory.java:438) ~[spring-boot-2.2.0.RELEASE.jar:2.2.0.RELEASE]
	at org.springframework.boot.web.embedded.tomcat.TomcatServletWebServerFactory.getWebServer(TomcatServletWebServerFactory.java:191) ~[spring-boot-2.2.0.RELEASE.jar:2.2.0.RELEASE]
	at org.springframework.boot.web.servlet.context.ServletWebServerApplicationContext.createWebServer(ServletWebServerApplicationContext.java:180) ~[spring-boot-2.2.0.RELEASE.jar:2.2.0.RELEASE]
	at org.springframework.boot.web.servlet.context.ServletWebServerApplicationContext.onRefresh(ServletWebServerApplicationContext.java:153) ~[spring-boot-2.2.0.RELEASE.jar:2.2.0.RELEASE]
	at org.springframework.context.support.AbstractApplicationContext.refresh(AbstractApplicationContext.java:544) ~[spring-context-5.2.0.RELEASE.jar:5.2.0.RELEASE]
	at org.springframework.boot.web.servlet.context.ServletWebServerApplicationContext.refresh(ServletWebServerApplicationContext.java:141) ~[spring-boot-2.2.0.RELEASE.jar:2.2.0.RELEASE]
	at org.springframework.boot.SpringApplication.refresh(SpringApplication.java:747) ~[spring-boot-2.2.0.RELEASE.jar:2.2.0.RELEASE]
	at org.springframework.boot.SpringApplication.refreshContext(SpringApplication.java:397) ~[spring-boot-2.2.0.RELEASE.jar:2.2.0.RELEASE]
	at org.springframework.boot.SpringApplication.run(SpringApplication.java:315) ~[spring-boot-2.2.0.RELEASE.jar:2.2.0.RELEASE]
	at org.springframework.boot.SpringApplication.run(SpringApplication.java:1226) ~[spring-boot-2.2.0.RELEASE.jar:2.2.0.RELEASE]
	at org.springframework.boot.SpringApplication.run(SpringApplication.java:1215) ~[spring-boot-2.2.0.RELEASE.jar:2.2.0.RELEASE]
	at com.api.rec.member.Application.main(Application.java:35) ~[classes/:na]
	at java.base/jdk.internal.reflect.NativeMethodAccessorImpl.invoke0(Native Method) ~[na:na]
	at java.base/jdk.internal.reflect.NativeMethodAccessorImpl.invoke(NativeMethodAccessorImpl.java:62) ~[na:na]
	at java.base/jdk.internal.reflect.DelegatingMethodAccessorImpl.invoke(DelegatingMethodAccessorImpl.java:43) ~[na:na]
	at java.base/java.lang.reflect.Method.invoke(Method.java:566) ~[na:na]
	at org.springframework.boot.devtools.restart.RestartLauncher.run(RestartLauncher.java:49) ~[spring-boot-devtools-2.2.0.RELEASE.jar:2.2.0.RELEASE]
Caused by: java.net.BindException: Address already in use
	at java.base/sun.nio.ch.Net.bind0(Native Method) ~[na:na]
	at java.base/sun.nio.ch.Net.bind(Net.java:459) ~[na:na]
	at java.base/sun.nio.ch.Net.bind(Net.java:448) ~[na:na]
	at java.base/sun.nio.ch.ServerSocketChannelImpl.bind(ServerSocketChannelImpl.java:227) ~[na:na]
	at java.base/sun.nio.ch.ServerSocketAdaptor.bind(ServerSocketAdaptor.java:80) ~[na:na]
	at org.apache.tomcat.util.net.NioEndpoint.initServerSocket(NioEndpoint.java:230) ~[tomcat-embed-core-9.0.27.jar:9.0.27]
	at org.apache.tomcat.util.net.NioEndpoint.bind(NioEndpoint.java:213) ~[tomcat-embed-core-9.0.27.jar:9.0.27]
	at org.apache.tomcat.util.net.AbstractEndpoint.bindWithCleanup(AbstractEndpoint.java:1124) ~[tomcat-embed-core-9.0.27.jar:9.0.27]
	at org.apache.tomcat.util.net.AbstractEndpoint.init(AbstractEndpoint.java:1137) ~[tomcat-embed-core-9.0.27.jar:9.0.27]
	at org.apache.coyote.AbstractProtocol.init(AbstractProtocol.java:575) ~[tomcat-embed-core-9.0.27.jar:9.0.27]
	at org.apache.coyote.http11.AbstractHttp11Protocol.init(AbstractHttp11Protocol.java:74) ~[tomcat-embed-core-9.0.27.jar:9.0.27]
	at org.apache.catalina.connector.Connector.initInternal(Connector.java:980) ~[tomcat-embed-core-9.0.27.jar:9.0.27]
	... 26 common frames omitted
2023-06-03 15:36:28.340 [restartedMain] ERROR o.apache.catalina.util.LifecycleBase:175 - Failed to start component [Connector[HTTP/1.1-2081]]
org.apache.catalina.LifecycleException: Protocol handler start failed
	at org.apache.catalina.connector.Connector.startInternal(Connector.java:1008) ~[tomcat-embed-core-9.0.27.jar:9.0.27]
	at org.apache.catalina.util.LifecycleBase.start(LifecycleBase.java:183) ~[tomcat-embed-core-9.0.27.jar:9.0.27]
	at org.apache.catalina.core.StandardService.addConnector(StandardService.java:227) ~[tomcat-embed-core-9.0.27.jar:9.0.27]
	at org.springframework.boot.web.embedded.tomcat.TomcatWebServer.addPreviouslyRemovedConnectors(TomcatWebServer.java:278) ~[spring-boot-2.2.0.RELEASE.jar:2.2.0.RELEASE]
	at org.springframework.boot.web.embedded.tomcat.TomcatWebServer.start(TomcatWebServer.java:197) ~[spring-boot-2.2.0.RELEASE.jar:2.2.0.RELEASE]
	at org.springframework.boot.web.servlet.context.ServletWebServerApplicationContext.startWebServer(ServletWebServerApplicationContext.java:297) ~[spring-boot-2.2.0.RELEASE.jar:2.2.0.RELEASE]
	at org.springframework.boot.web.servlet.context.ServletWebServerApplicationContext.finishRefresh(ServletWebServerApplicationContext.java:163) ~[spring-boot-2.2.0.RELEASE.jar:2.2.0.RELEASE]
	at org.springframework.context.support.AbstractApplicationContext.refresh(AbstractApplicationContext.java:553) ~[spring-context-5.2.0.RELEASE.jar:5.2.0.RELEASE]
	at org.springframework.boot.web.servlet.context.ServletWebServerApplicationContext.refresh(ServletWebServerApplicationContext.java:141) ~[spring-boot-2.2.0.RELEASE.jar:2.2.0.RELEASE]
	at org.springframework.boot.SpringApplication.refresh(SpringApplication.java:747) ~[spring-boot-2.2.0.RELEASE.jar:2.2.0.RELEASE]
	at org.springframework.boot.SpringApplication.refreshContext(SpringApplication.java:397) ~[spring-boot-2.2.0.RELEASE.jar:2.2.0.RELEASE]
	at org.springframework.boot.SpringApplication.run(SpringApplication.java:315) ~[spring-boot-2.2.0.RELEASE.jar:2.2.0.RELEASE]
	at org.springframework.boot.SpringApplication.run(SpringApplication.java:1226) ~[spring-boot-2.2.0.RELEASE.jar:2.2.0.RELEASE]
	at org.springframework.boot.SpringApplication.run(SpringApplication.java:1215) ~[spring-boot-2.2.0.RELEASE.jar:2.2.0.RELEASE]
	at com.api.rec.member.Application.main(Application.java:35) ~[classes/:na]
	at java.base/jdk.internal.reflect.NativeMethodAccessorImpl.invoke0(Native Method) ~[na:na]
	at java.base/jdk.internal.reflect.NativeMethodAccessorImpl.invoke(NativeMethodAccessorImpl.java:62) ~[na:na]
	at java.base/jdk.internal.reflect.DelegatingMethodAccessorImpl.invoke(DelegatingMethodAccessorImpl.java:43) ~[na:na]
	at java.base/java.lang.reflect.Method.invoke(Method.java:566) ~[na:na]
	at org.springframework.boot.devtools.restart.RestartLauncher.run(RestartLauncher.java:49) ~[spring-boot-devtools-2.2.0.RELEASE.jar:2.2.0.RELEASE]
Caused by: java.net.BindException: Address already in use
	at java.base/sun.nio.ch.Net.bind0(Native Method) ~[na:na]
	at java.base/sun.nio.ch.Net.bind(Net.java:459) ~[na:na]
	at java.base/sun.nio.ch.Net.bind(Net.java:448) ~[na:na]
	at java.base/sun.nio.ch.ServerSocketChannelImpl.bind(ServerSocketChannelImpl.java:227) ~[na:na]
	at java.base/sun.nio.ch.ServerSocketAdaptor.bind(ServerSocketAdaptor.java:80) ~[na:na]
	at org.apache.tomcat.util.net.NioEndpoint.initServerSocket(NioEndpoint.java:230) ~[tomcat-embed-core-9.0.27.jar:9.0.27]
	at org.apache.tomcat.util.net.NioEndpoint.bind(NioEndpoint.java:213) ~[tomcat-embed-core-9.0.27.jar:9.0.27]
	at org.apache.tomcat.util.net.AbstractEndpoint.bindWithCleanup(AbstractEndpoint.java:1124) ~[tomcat-embed-core-9.0.27.jar:9.0.27]
	at org.apache.tomcat.util.net.AbstractEndpoint.start(AbstractEndpoint.java:1210) ~[tomcat-embed-core-9.0.27.jar:9.0.27]
	at org.apache.coyote.AbstractProtocol.start(AbstractProtocol.java:586) ~[tomcat-embed-core-9.0.27.jar:9.0.27]
	at org.apache.catalina.connector.Connector.startInternal(Connector.java:1005) ~[tomcat-embed-core-9.0.27.jar:9.0.27]
	... 19 common frames omitted
2023-06-03 15:36:28.376 [restartedMain] ERROR o.s.b.d.LoggingFailureAnalysisReporter:40 - 

***************************
APPLICATION FAILED TO START
***************************

Description:

The Tomcat connector configured to listen on port 2081 failed to start. The port may already be in use or the connector may be misconfigured.

Action:

Verify the connector's configuration, identify and stop any process that's listening on port 2081, or configure this application to listen on another port.

2023-06-03 15:36:33.298 [restartedMain] ERROR o.apache.catalina.util.LifecycleBase:175 - Failed to initialize component [Connector[HTTP/1.1-2081]]
org.apache.catalina.LifecycleException: Protocol handler initialization failed
	at org.apache.catalina.connector.Connector.initInternal(Connector.java:983) ~[tomcat-embed-core-9.0.27.jar:9.0.27]
	at org.apache.catalina.util.LifecycleBase.init(LifecycleBase.java:136) ~[tomcat-embed-core-9.0.27.jar:9.0.27]
	at org.apache.catalina.core.StandardService.initInternal(StandardService.java:533) ~[tomcat-embed-core-9.0.27.jar:9.0.27]
	at org.apache.catalina.util.LifecycleBase.init(LifecycleBase.java:136) ~[tomcat-embed-core-9.0.27.jar:9.0.27]
	at org.apache.catalina.core.StandardServer.initInternal(StandardServer.java:1057) ~[tomcat-embed-core-9.0.27.jar:9.0.27]
	at org.apache.catalina.util.LifecycleBase.init(LifecycleBase.java:136) ~[tomcat-embed-core-9.0.27.jar:9.0.27]
	at org.apache.catalina.util.LifecycleBase.start(LifecycleBase.java:173) ~[tomcat-embed-core-9.0.27.jar:9.0.27]
	at org.apache.catalina.startup.Tomcat.start(Tomcat.java:459) ~[tomcat-embed-core-9.0.27.jar:9.0.27]
	at org.springframework.boot.web.embedded.tomcat.TomcatWebServer.initialize(TomcatWebServer.java:107) ~[spring-boot-2.2.0.RELEASE.jar:2.2.0.RELEASE]
	at org.springframework.boot.web.embedded.tomcat.TomcatWebServer.<init>(TomcatWebServer.java:88) ~[spring-boot-2.2.0.RELEASE.jar:2.2.0.RELEASE]
	at org.springframework.boot.web.embedded.tomcat.TomcatServletWebServerFactory.getTomcatWebServer(TomcatServletWebServerFactory.java:438) ~[spring-boot-2.2.0.RELEASE.jar:2.2.0.RELEASE]
	at org.springframework.boot.web.embedded.tomcat.TomcatServletWebServerFactory.getWebServer(TomcatServletWebServerFactory.java:191) ~[spring-boot-2.2.0.RELEASE.jar:2.2.0.RELEASE]
	at org.springframework.boot.web.servlet.context.ServletWebServerApplicationContext.createWebServer(ServletWebServerApplicationContext.java:180) ~[spring-boot-2.2.0.RELEASE.jar:2.2.0.RELEASE]
	at org.springframework.boot.web.servlet.context.ServletWebServerApplicationContext.onRefresh(ServletWebServerApplicationContext.java:153) ~[spring-boot-2.2.0.RELEASE.jar:2.2.0.RELEASE]
	at org.springframework.context.support.AbstractApplicationContext.refresh(AbstractApplicationContext.java:544) ~[spring-context-5.2.0.RELEASE.jar:5.2.0.RELEASE]
	at org.springframework.boot.web.servlet.context.ServletWebServerApplicationContext.refresh(ServletWebServerApplicationContext.java:141) ~[spring-boot-2.2.0.RELEASE.jar:2.2.0.RELEASE]
	at org.springframework.boot.SpringApplication.refresh(SpringApplication.java:747) ~[spring-boot-2.2.0.RELEASE.jar:2.2.0.RELEASE]
	at org.springframework.boot.SpringApplication.refreshContext(SpringApplication.java:397) ~[spring-boot-2.2.0.RELEASE.jar:2.2.0.RELEASE]
	at org.springframework.boot.SpringApplication.run(SpringApplication.java:315) ~[spring-boot-2.2.0.RELEASE.jar:2.2.0.RELEASE]
	at org.springframework.boot.SpringApplication.run(SpringApplication.java:1226) ~[spring-boot-2.2.0.RELEASE.jar:2.2.0.RELEASE]
	at org.springframework.boot.SpringApplication.run(SpringApplication.java:1215) ~[spring-boot-2.2.0.RELEASE.jar:2.2.0.RELEASE]
	at com.api.rec.member.Application.main(Application.java:35) ~[classes/:na]
	at java.base/jdk.internal.reflect.NativeMethodAccessorImpl.invoke0(Native Method) ~[na:na]
	at java.base/jdk.internal.reflect.NativeMethodAccessorImpl.invoke(NativeMethodAccessorImpl.java:62) ~[na:na]
	at java.base/jdk.internal.reflect.DelegatingMethodAccessorImpl.invoke(DelegatingMethodAccessorImpl.java:43) ~[na:na]
	at java.base/java.lang.reflect.Method.invoke(Method.java:566) ~[na:na]
	at org.springframework.boot.devtools.restart.RestartLauncher.run(RestartLauncher.java:49) ~[spring-boot-devtools-2.2.0.RELEASE.jar:2.2.0.RELEASE]
Caused by: java.net.BindException: Address already in use
	at java.base/sun.nio.ch.Net.bind0(Native Method) ~[na:na]
	at java.base/sun.nio.ch.Net.bind(Net.java:459) ~[na:na]
	at java.base/sun.nio.ch.Net.bind(Net.java:448) ~[na:na]
	at java.base/sun.nio.ch.ServerSocketChannelImpl.bind(ServerSocketChannelImpl.java:227) ~[na:na]
	at java.base/sun.nio.ch.ServerSocketAdaptor.bind(ServerSocketAdaptor.java:80) ~[na:na]
	at org.apache.tomcat.util.net.NioEndpoint.initServerSocket(NioEndpoint.java:230) ~[tomcat-embed-core-9.0.27.jar:9.0.27]
	at org.apache.tomcat.util.net.NioEndpoint.bind(NioEndpoint.java:213) ~[tomcat-embed-core-9.0.27.jar:9.0.27]
	at org.apache.tomcat.util.net.AbstractEndpoint.bindWithCleanup(AbstractEndpoint.java:1124) ~[tomcat-embed-core-9.0.27.jar:9.0.27]
	at org.apache.tomcat.util.net.AbstractEndpoint.init(AbstractEndpoint.java:1137) ~[tomcat-embed-core-9.0.27.jar:9.0.27]
	at org.apache.coyote.AbstractProtocol.init(AbstractProtocol.java:575) ~[tomcat-embed-core-9.0.27.jar:9.0.27]
	at org.apache.coyote.http11.AbstractHttp11Protocol.init(AbstractHttp11Protocol.java:74) ~[tomcat-embed-core-9.0.27.jar:9.0.27]
	at org.apache.catalina.connector.Connector.initInternal(Connector.java:980) ~[tomcat-embed-core-9.0.27.jar:9.0.27]
	... 26 common frames omitted
2023-06-03 15:36:33.866 [restartedMain] ERROR o.apache.catalina.util.LifecycleBase:175 - Failed to start component [Connector[HTTP/1.1-2081]]
org.apache.catalina.LifecycleException: Protocol handler start failed
	at org.apache.catalina.connector.Connector.startInternal(Connector.java:1008) ~[tomcat-embed-core-9.0.27.jar:9.0.27]
	at org.apache.catalina.util.LifecycleBase.start(LifecycleBase.java:183) ~[tomcat-embed-core-9.0.27.jar:9.0.27]
	at org.apache.catalina.core.StandardService.addConnector(StandardService.java:227) ~[tomcat-embed-core-9.0.27.jar:9.0.27]
	at org.springframework.boot.web.embedded.tomcat.TomcatWebServer.addPreviouslyRemovedConnectors(TomcatWebServer.java:278) ~[spring-boot-2.2.0.RELEASE.jar:2.2.0.RELEASE]
	at org.springframework.boot.web.embedded.tomcat.TomcatWebServer.start(TomcatWebServer.java:197) ~[spring-boot-2.2.0.RELEASE.jar:2.2.0.RELEASE]
	at org.springframework.boot.web.servlet.context.ServletWebServerApplicationContext.startWebServer(ServletWebServerApplicationContext.java:297) ~[spring-boot-2.2.0.RELEASE.jar:2.2.0.RELEASE]
	at org.springframework.boot.web.servlet.context.ServletWebServerApplicationContext.finishRefresh(ServletWebServerApplicationContext.java:163) ~[spring-boot-2.2.0.RELEASE.jar:2.2.0.RELEASE]
	at org.springframework.context.support.AbstractApplicationContext.refresh(AbstractApplicationContext.java:553) ~[spring-context-5.2.0.RELEASE.jar:5.2.0.RELEASE]
	at org.springframework.boot.web.servlet.context.ServletWebServerApplicationContext.refresh(ServletWebServerApplicationContext.java:141) ~[spring-boot-2.2.0.RELEASE.jar:2.2.0.RELEASE]
	at org.springframework.boot.SpringApplication.refresh(SpringApplication.java:747) ~[spring-boot-2.2.0.RELEASE.jar:2.2.0.RELEASE]
	at org.springframework.boot.SpringApplication.refreshContext(SpringApplication.java:397) ~[spring-boot-2.2.0.RELEASE.jar:2.2.0.RELEASE]
	at org.springframework.boot.SpringApplication.run(SpringApplication.java:315) ~[spring-boot-2.2.0.RELEASE.jar:2.2.0.RELEASE]
	at org.springframework.boot.SpringApplication.run(SpringApplication.java:1226) ~[spring-boot-2.2.0.RELEASE.jar:2.2.0.RELEASE]
	at org.springframework.boot.SpringApplication.run(SpringApplication.java:1215) ~[spring-boot-2.2.0.RELEASE.jar:2.2.0.RELEASE]
	at com.api.rec.member.Application.main(Application.java:35) ~[classes/:na]
	at java.base/jdk.internal.reflect.NativeMethodAccessorImpl.invoke0(Native Method) ~[na:na]
	at java.base/jdk.internal.reflect.NativeMethodAccessorImpl.invoke(NativeMethodAccessorImpl.java:62) ~[na:na]
	at java.base/jdk.internal.reflect.DelegatingMethodAccessorImpl.invoke(DelegatingMethodAccessorImpl.java:43) ~[na:na]
	at java.base/java.lang.reflect.Method.invoke(Method.java:566) ~[na:na]
	at org.springframework.boot.devtools.restart.RestartLauncher.run(RestartLauncher.java:49) ~[spring-boot-devtools-2.2.0.RELEASE.jar:2.2.0.RELEASE]
Caused by: java.net.BindException: Address already in use
	at java.base/sun.nio.ch.Net.bind0(Native Method) ~[na:na]
	at java.base/sun.nio.ch.Net.bind(Net.java:459) ~[na:na]
	at java.base/sun.nio.ch.Net.bind(Net.java:448) ~[na:na]
	at java.base/sun.nio.ch.ServerSocketChannelImpl.bind(ServerSocketChannelImpl.java:227) ~[na:na]
	at java.base/sun.nio.ch.ServerSocketAdaptor.bind(ServerSocketAdaptor.java:80) ~[na:na]
	at org.apache.tomcat.util.net.NioEndpoint.initServerSocket(NioEndpoint.java:230) ~[tomcat-embed-core-9.0.27.jar:9.0.27]
	at org.apache.tomcat.util.net.NioEndpoint.bind(NioEndpoint.java:213) ~[tomcat-embed-core-9.0.27.jar:9.0.27]
	at org.apache.tomcat.util.net.AbstractEndpoint.bindWithCleanup(AbstractEndpoint.java:1124) ~[tomcat-embed-core-9.0.27.jar:9.0.27]
	at org.apache.tomcat.util.net.AbstractEndpoint.start(AbstractEndpoint.java:1210) ~[tomcat-embed-core-9.0.27.jar:9.0.27]
	at org.apache.coyote.AbstractProtocol.start(AbstractProtocol.java:586) ~[tomcat-embed-core-9.0.27.jar:9.0.27]
	at org.apache.catalina.connector.Connector.startInternal(Connector.java:1005) ~[tomcat-embed-core-9.0.27.jar:9.0.27]
	... 19 common frames omitted
2023-06-03 15:36:33.877 [restartedMain] ERROR o.s.b.d.LoggingFailureAnalysisReporter:40 - 

***************************
APPLICATION FAILED TO START
***************************

Description:

The Tomcat connector configured to listen on port 2081 failed to start. The port may already be in use or the connector may be misconfigured.

Action:

Verify the connector's configuration, identify and stop any process that's listening on port 2081, or configure this application to listen on another port.

2023-06-03 15:36:40.754 [restartedMain] ERROR o.apache.catalina.util.LifecycleBase:175 - Failed to initialize component [Connector[HTTP/1.1-2081]]
org.apache.catalina.LifecycleException: Protocol handler initialization failed
	at org.apache.catalina.connector.Connector.initInternal(Connector.java:983) ~[tomcat-embed-core-9.0.27.jar:9.0.27]
	at org.apache.catalina.util.LifecycleBase.init(LifecycleBase.java:136) ~[tomcat-embed-core-9.0.27.jar:9.0.27]
	at org.apache.catalina.core.StandardService.initInternal(StandardService.java:533) ~[tomcat-embed-core-9.0.27.jar:9.0.27]
	at org.apache.catalina.util.LifecycleBase.init(LifecycleBase.java:136) ~[tomcat-embed-core-9.0.27.jar:9.0.27]
	at org.apache.catalina.core.StandardServer.initInternal(StandardServer.java:1057) ~[tomcat-embed-core-9.0.27.jar:9.0.27]
	at org.apache.catalina.util.LifecycleBase.init(LifecycleBase.java:136) ~[tomcat-embed-core-9.0.27.jar:9.0.27]
	at org.apache.catalina.util.LifecycleBase.start(LifecycleBase.java:173) ~[tomcat-embed-core-9.0.27.jar:9.0.27]
	at org.apache.catalina.startup.Tomcat.start(Tomcat.java:459) ~[tomcat-embed-core-9.0.27.jar:9.0.27]
	at org.springframework.boot.web.embedded.tomcat.TomcatWebServer.initialize(TomcatWebServer.java:107) ~[spring-boot-2.2.0.RELEASE.jar:2.2.0.RELEASE]
	at org.springframework.boot.web.embedded.tomcat.TomcatWebServer.<init>(TomcatWebServer.java:88) ~[spring-boot-2.2.0.RELEASE.jar:2.2.0.RELEASE]
	at org.springframework.boot.web.embedded.tomcat.TomcatServletWebServerFactory.getTomcatWebServer(TomcatServletWebServerFactory.java:438) ~[spring-boot-2.2.0.RELEASE.jar:2.2.0.RELEASE]
	at org.springframework.boot.web.embedded.tomcat.TomcatServletWebServerFactory.getWebServer(TomcatServletWebServerFactory.java:191) ~[spring-boot-2.2.0.RELEASE.jar:2.2.0.RELEASE]
	at org.springframework.boot.web.servlet.context.ServletWebServerApplicationContext.createWebServer(ServletWebServerApplicationContext.java:180) ~[spring-boot-2.2.0.RELEASE.jar:2.2.0.RELEASE]
	at org.springframework.boot.web.servlet.context.ServletWebServerApplicationContext.onRefresh(ServletWebServerApplicationContext.java:153) ~[spring-boot-2.2.0.RELEASE.jar:2.2.0.RELEASE]
	at org.springframework.context.support.AbstractApplicationContext.refresh(AbstractApplicationContext.java:544) ~[spring-context-5.2.0.RELEASE.jar:5.2.0.RELEASE]
	at org.springframework.boot.web.servlet.context.ServletWebServerApplicationContext.refresh(ServletWebServerApplicationContext.java:141) ~[spring-boot-2.2.0.RELEASE.jar:2.2.0.RELEASE]
	at org.springframework.boot.SpringApplication.refresh(SpringApplication.java:747) ~[spring-boot-2.2.0.RELEASE.jar:2.2.0.RELEASE]
	at org.springframework.boot.SpringApplication.refreshContext(SpringApplication.java:397) ~[spring-boot-2.2.0.RELEASE.jar:2.2.0.RELEASE]
	at org.springframework.boot.SpringApplication.run(SpringApplication.java:315) ~[spring-boot-2.2.0.RELEASE.jar:2.2.0.RELEASE]
	at org.springframework.boot.SpringApplication.run(SpringApplication.java:1226) ~[spring-boot-2.2.0.RELEASE.jar:2.2.0.RELEASE]
	at org.springframework.boot.SpringApplication.run(SpringApplication.java:1215) ~[spring-boot-2.2.0.RELEASE.jar:2.2.0.RELEASE]
	at com.api.rec.member.Application.main(Application.java:35) ~[classes/:na]
	at java.base/jdk.internal.reflect.NativeMethodAccessorImpl.invoke0(Native Method) ~[na:na]
	at java.base/jdk.internal.reflect.NativeMethodAccessorImpl.invoke(NativeMethodAccessorImpl.java:62) ~[na:na]
	at java.base/jdk.internal.reflect.DelegatingMethodAccessorImpl.invoke(DelegatingMethodAccessorImpl.java:43) ~[na:na]
	at java.base/java.lang.reflect.Method.invoke(Method.java:566) ~[na:na]
	at org.springframework.boot.devtools.restart.RestartLauncher.run(RestartLauncher.java:49) ~[spring-boot-devtools-2.2.0.RELEASE.jar:2.2.0.RELEASE]
Caused by: java.net.BindException: Address already in use
	at java.base/sun.nio.ch.Net.bind0(Native Method) ~[na:na]
	at java.base/sun.nio.ch.Net.bind(Net.java:459) ~[na:na]
	at java.base/sun.nio.ch.Net.bind(Net.java:448) ~[na:na]
	at java.base/sun.nio.ch.ServerSocketChannelImpl.bind(ServerSocketChannelImpl.java:227) ~[na:na]
	at java.base/sun.nio.ch.ServerSocketAdaptor.bind(ServerSocketAdaptor.java:80) ~[na:na]
	at org.apache.tomcat.util.net.NioEndpoint.initServerSocket(NioEndpoint.java:230) ~[tomcat-embed-core-9.0.27.jar:9.0.27]
	at org.apache.tomcat.util.net.NioEndpoint.bind(NioEndpoint.java:213) ~[tomcat-embed-core-9.0.27.jar:9.0.27]
	at org.apache.tomcat.util.net.AbstractEndpoint.bindWithCleanup(AbstractEndpoint.java:1124) ~[tomcat-embed-core-9.0.27.jar:9.0.27]
	at org.apache.tomcat.util.net.AbstractEndpoint.init(AbstractEndpoint.java:1137) ~[tomcat-embed-core-9.0.27.jar:9.0.27]
	at org.apache.coyote.AbstractProtocol.init(AbstractProtocol.java:575) ~[tomcat-embed-core-9.0.27.jar:9.0.27]
	at org.apache.coyote.http11.AbstractHttp11Protocol.init(AbstractHttp11Protocol.java:74) ~[tomcat-embed-core-9.0.27.jar:9.0.27]
	at org.apache.catalina.connector.Connector.initInternal(Connector.java:980) ~[tomcat-embed-core-9.0.27.jar:9.0.27]
	... 26 common frames omitted
2023-06-03 15:36:41.252 [restartedMain] ERROR o.apache.catalina.util.LifecycleBase:175 - Failed to start component [Connector[HTTP/1.1-2081]]
org.apache.catalina.LifecycleException: Protocol handler start failed
	at org.apache.catalina.connector.Connector.startInternal(Connector.java:1008) ~[tomcat-embed-core-9.0.27.jar:9.0.27]
	at org.apache.catalina.util.LifecycleBase.start(LifecycleBase.java:183) ~[tomcat-embed-core-9.0.27.jar:9.0.27]
	at org.apache.catalina.core.StandardService.addConnector(StandardService.java:227) ~[tomcat-embed-core-9.0.27.jar:9.0.27]
	at org.springframework.boot.web.embedded.tomcat.TomcatWebServer.addPreviouslyRemovedConnectors(TomcatWebServer.java:278) ~[spring-boot-2.2.0.RELEASE.jar:2.2.0.RELEASE]
	at org.springframework.boot.web.embedded.tomcat.TomcatWebServer.start(TomcatWebServer.java:197) ~[spring-boot-2.2.0.RELEASE.jar:2.2.0.RELEASE]
	at org.springframework.boot.web.servlet.context.ServletWebServerApplicationContext.startWebServer(ServletWebServerApplicationContext.java:297) ~[spring-boot-2.2.0.RELEASE.jar:2.2.0.RELEASE]
	at org.springframework.boot.web.servlet.context.ServletWebServerApplicationContext.finishRefresh(ServletWebServerApplicationContext.java:163) ~[spring-boot-2.2.0.RELEASE.jar:2.2.0.RELEASE]
	at org.springframework.context.support.AbstractApplicationContext.refresh(AbstractApplicationContext.java:553) ~[spring-context-5.2.0.RELEASE.jar:5.2.0.RELEASE]
	at org.springframework.boot.web.servlet.context.ServletWebServerApplicationContext.refresh(ServletWebServerApplicationContext.java:141) ~[spring-boot-2.2.0.RELEASE.jar:2.2.0.RELEASE]
	at org.springframework.boot.SpringApplication.refresh(SpringApplication.java:747) ~[spring-boot-2.2.0.RELEASE.jar:2.2.0.RELEASE]
	at org.springframework.boot.SpringApplication.refreshContext(SpringApplication.java:397) ~[spring-boot-2.2.0.RELEASE.jar:2.2.0.RELEASE]
	at org.springframework.boot.SpringApplication.run(SpringApplication.java:315) ~[spring-boot-2.2.0.RELEASE.jar:2.2.0.RELEASE]
	at org.springframework.boot.SpringApplication.run(SpringApplication.java:1226) ~[spring-boot-2.2.0.RELEASE.jar:2.2.0.RELEASE]
	at org.springframework.boot.SpringApplication.run(SpringApplication.java:1215) ~[spring-boot-2.2.0.RELEASE.jar:2.2.0.RELEASE]
	at com.api.rec.member.Application.main(Application.java:35) ~[classes/:na]
	at java.base/jdk.internal.reflect.NativeMethodAccessorImpl.invoke0(Native Method) ~[na:na]
	at java.base/jdk.internal.reflect.NativeMethodAccessorImpl.invoke(NativeMethodAccessorImpl.java:62) ~[na:na]
	at java.base/jdk.internal.reflect.DelegatingMethodAccessorImpl.invoke(DelegatingMethodAccessorImpl.java:43) ~[na:na]
	at java.base/java.lang.reflect.Method.invoke(Method.java:566) ~[na:na]
	at org.springframework.boot.devtools.restart.RestartLauncher.run(RestartLauncher.java:49) ~[spring-boot-devtools-2.2.0.RELEASE.jar:2.2.0.RELEASE]
Caused by: java.net.BindException: Address already in use
	at java.base/sun.nio.ch.Net.bind0(Native Method) ~[na:na]
	at java.base/sun.nio.ch.Net.bind(Net.java:459) ~[na:na]
	at java.base/sun.nio.ch.Net.bind(Net.java:448) ~[na:na]
	at java.base/sun.nio.ch.ServerSocketChannelImpl.bind(ServerSocketChannelImpl.java:227) ~[na:na]
	at java.base/sun.nio.ch.ServerSocketAdaptor.bind(ServerSocketAdaptor.java:80) ~[na:na]
	at org.apache.tomcat.util.net.NioEndpoint.initServerSocket(NioEndpoint.java:230) ~[tomcat-embed-core-9.0.27.jar:9.0.27]
	at org.apache.tomcat.util.net.NioEndpoint.bind(NioEndpoint.java:213) ~[tomcat-embed-core-9.0.27.jar:9.0.27]
	at org.apache.tomcat.util.net.AbstractEndpoint.bindWithCleanup(AbstractEndpoint.java:1124) ~[tomcat-embed-core-9.0.27.jar:9.0.27]
	at org.apache.tomcat.util.net.AbstractEndpoint.start(AbstractEndpoint.java:1210) ~[tomcat-embed-core-9.0.27.jar:9.0.27]
	at org.apache.coyote.AbstractProtocol.start(AbstractProtocol.java:586) ~[tomcat-embed-core-9.0.27.jar:9.0.27]
	at org.apache.catalina.connector.Connector.startInternal(Connector.java:1005) ~[tomcat-embed-core-9.0.27.jar:9.0.27]
	... 19 common frames omitted
2023-06-03 15:36:41.263 [restartedMain] ERROR o.s.b.d.LoggingFailureAnalysisReporter:40 - 

***************************
APPLICATION FAILED TO START
***************************

Description:

The Tomcat connector configured to listen on port 2081 failed to start. The port may already be in use or the connector may be misconfigured.

Action:

Verify the connector's configuration, identify and stop any process that's listening on port 2081, or configure this application to listen on another port.

2023-06-16 15:28:58.479 [restartedMain] INFO  com.api.rec.member.Application:55 - Starting Application on codespaces-5c3b36 with PID 15010 (/workspaces/mono-recrux/bsd-api-rec-member/target/classes started by codespace in /workspaces/mono-recrux)
2023-06-16 15:28:58.482 [restartedMain] INFO  com.api.rec.member.Application:651 - No active profile set, falling back to default profiles: default
2023-06-16 15:28:58.533 [restartedMain] INFO  o.s.b.d.restart.ChangeableUrls:225 - The Class-Path manifest attribute in /home/codespace/.m2/repository/org/glassfish/jaxb/jaxb-runtime/2.3.2/jaxb-runtime-2.3.2.jar referenced one or more files that do not exist: file:/home/codespace/.m2/repository/org/glassfish/jaxb/jaxb-runtime/2.3.2/jakarta.xml.bind-api-2.3.2.jar,file:/home/codespace/.m2/repository/org/glassfish/jaxb/jaxb-runtime/2.3.2/txw2-2.3.2.jar,file:/home/codespace/.m2/repository/org/glassfish/jaxb/jaxb-runtime/2.3.2/istack-commons-runtime-3.0.8.jar,file:/home/codespace/.m2/repository/org/glassfish/jaxb/jaxb-runtime/2.3.2/stax-ex-1.8.1.jar,file:/home/codespace/.m2/repository/org/glassfish/jaxb/jaxb-runtime/2.3.2/FastInfoset-1.2.16.jar,file:/home/codespace/.m2/repository/org/glassfish/jaxb/jaxb-runtime/2.3.2/jakarta.activation-api-1.2.1.jar
2023-06-16 15:28:58.533 [restartedMain] INFO  o.s.b.d.e.DevToolsPropertyDefaultsPostProcessor:225 - Devtools property defaults active! Set 'spring.devtools.add-properties' to 'false' to disable
2023-06-16 15:28:58.534 [restartedMain] INFO  o.s.b.d.e.DevToolsPropertyDefaultsPostProcessor:225 - For additional web related logging consider setting the 'logging.level.web' property to 'DEBUG'
2023-06-16 15:28:59.511 [restartedMain] INFO  o.s.d.r.c.RepositoryConfigurationDelegate:126 - Bootstrapping Spring Data repositories in DEFAULT mode.
2023-06-16 15:28:59.605 [restartedMain] INFO  o.s.d.r.c.RepositoryConfigurationDelegate:182 - Finished Spring Data repository scanning in 86ms. Found 8 repository interfaces.
2023-06-16 15:28:59.942 [restartedMain] INFO  o.s.c.s.PostProcessorRegistrationDelegate$BeanPostProcessorChecker:330 - Bean 'org.springframework.transaction.annotation.ProxyTransactionManagementConfiguration' of type [org.springframework.transaction.annotation.ProxyTransactionManagementConfiguration] is not eligible for getting processed by all BeanPostProcessors (for example: not eligible for auto-proxying)
2023-06-16 15:29:00.122 [restartedMain] INFO  o.h.jpa.internal.util.LogHelper:31 - HHH000204: Processing PersistenceUnitInfo [name: default]
2023-06-16 15:29:00.176 [restartedMain] INFO  org.hibernate.Version:46 - HHH000412: Hibernate Core {5.4.6.Final}
2023-06-16 15:29:00.287 [restartedMain] INFO  o.h.annotations.common.Version:49 - HCANN000001: Hibernate Commons Annotations {5.1.0.Final}
2023-06-16 15:29:00.362 [restartedMain] INFO  com.zaxxer.hikari.HikariDataSource:110 - HikariPool-1 - Starting...
2023-06-16 15:29:00.366 [restartedMain] WARN  c.z.hikari.util.DriverDataSource:70 - Registered driver with driverClassName=com.mysql.jdbc.Driver was not found, trying direct instantiation.
2023-06-16 15:29:00.510 [restartedMain] INFO  com.zaxxer.hikari.HikariDataSource:123 - HikariPool-1 - Start completed.
2023-06-16 15:29:00.526 [restartedMain] INFO  org.hibernate.dialect.Dialect:172 - HHH000400: Using dialect: org.hibernate.dialect.MySQL55Dialect
2023-06-16 15:29:01.162 [restartedMain] INFO  o.h.e.t.j.p.i.JtaPlatformInitiator:52 - HHH000490: Using JtaPlatform implementation: [org.hibernate.engine.transaction.jta.platform.internal.NoJtaPlatform]
2023-06-16 15:29:01.243 [restartedMain] INFO  o.s.o.j.LocalContainerEntityManagerFactoryBean:416 - Initialized JPA EntityManagerFactory for persistence unit 'default'
2023-06-16 15:29:01.650 [restartedMain] INFO  o.s.b.w.e.tomcat.TomcatWebServer:92 - Tomcat initialized with port(s): 2441 (https) 2081 (http)
2023-06-16 15:29:01.666 [restartedMain] INFO  o.a.catalina.core.StandardService:173 - Starting service [Tomcat]
2023-06-16 15:29:01.667 [restartedMain] INFO  o.a.catalina.core.StandardEngine:173 - Starting Servlet engine: [Apache Tomcat/9.0.27]
2023-06-16 15:29:01.743 [restartedMain] INFO  o.a.c.c.C.[Tomcat].[localhost].[/]:173 - Initializing Spring embedded WebApplicationContext
2023-06-16 15:29:01.743 [restartedMain] INFO  o.s.web.context.ContextLoader:284 - Root WebApplicationContext: initialization completed in 3209 ms
2023-06-16 15:29:01.986 [restartedMain] WARN  o.s.b.d.a.OptionalLiveReloadServer:60 - Unable to start LiveReload server
2023-06-16 15:29:02.294 [restartedMain] WARN  o.s.b.a.o.j.JpaBaseConfiguration$JpaWebConfiguration:220 - spring.jpa.open-in-view is enabled by default. Therefore, database queries may be performed during view rendering. Explicitly configure spring.jpa.open-in-view to disable this warning
2023-06-16 15:29:02.413 [restartedMain] INFO  o.s.b.a.e.web.EndpointLinksResolver:58 - Exposing 2 endpoint(s) beneath base path '/actuator'
2023-06-16 15:29:02.472 [restartedMain] INFO  s.d.s.w.PropertySourcedRequestMappingHandlerMapping:69 - Mapped URL path [/v2/api-docs] onto method [springfox.documentation.swagger2.web.Swagger2Controller#getDocumentation(String, HttpServletRequest)]
2023-06-16 15:29:02.528 [restartedMain] INFO  o.s.s.c.ThreadPoolTaskExecutor:171 - Initializing ExecutorService 'applicationTaskExecutor'
2023-06-16 15:29:02.749 [restartedMain] INFO  s.d.s.w.p.DocumentationPluginsBootstrapper:160 - Context refreshed
2023-06-16 15:29:02.767 [restartedMain] INFO  s.d.s.w.p.DocumentationPluginsBootstrapper:163 - Found 1 custom documentation plugin(s)
2023-06-16 15:29:02.792 [restartedMain] INFO  s.d.s.w.s.ApiListingReferenceScanner:41 - Scanning for api listing references
2023-06-16 15:29:02.908 [restartedMain] INFO  s.d.s.w.r.o.CachingOperationNameGenerator:40 - Generating unique operation named: handleUsingGET_1
2023-06-16 15:29:02.910 [restartedMain] INFO  s.d.s.w.r.o.CachingOperationNameGenerator:40 - Generating unique operation named: handleUsingGET_2
2023-06-16 15:29:03.686 [restartedMain] INFO  o.s.b.w.e.tomcat.TomcatWebServer:204 - Tomcat started on port(s): 2441 (https) 2081 (http) with context path ''
2023-06-16 15:29:03.688 [restartedMain] INFO  com.api.rec.member.Application:61 - Started Application in 5.509 seconds (JVM running for 6.229)
2023-06-16 15:29:03.694 [restartedMain] INFO  com.api.rec.member.Application:53 - trying to set salt
2023-06-16 15:29:03.773 [restartedMain] INFO  com.api.rec.member.Application:58 - set salt for : admin@mail.com
2023-06-16 15:29:03.773 [restartedMain] INFO  com.api.rec.member.Application:58 - set salt for : pic1@mail.com
2023-06-16 15:29:03.773 [restartedMain] INFO  com.api.rec.member.Application:58 - set salt for : pic2@mail.com
2023-06-16 15:29:03.773 [restartedMain] INFO  com.api.rec.member.Application:58 - set salt for : pic3@mail.com
2023-06-16 15:29:03.773 [restartedMain] INFO  com.api.rec.member.Application:58 - set salt for : pic4@mail.com
2023-06-16 15:29:03.774 [restartedMain] INFO  com.api.rec.member.Application:58 - set salt for : pic6@mail.com
2023-06-16 15:29:03.774 [restartedMain] INFO  com.api.rec.member.Application:58 - set salt for : pic7@mail.com
2023-06-16 15:29:03.774 [restartedMain] INFO  com.api.rec.member.Application:58 - set salt for : pic8@mail.com
2023-06-16 15:29:03.774 [restartedMain] INFO  com.api.rec.member.Application:58 - set salt for : pic9@mail.com
2023-06-16 15:29:03.774 [restartedMain] INFO  com.api.rec.member.Application:58 - set salt for : pic10@mail.com
2023-06-16 15:29:03.774 [restartedMain] INFO  com.api.rec.member.Application:58 - set salt for : pic11@mail.com
2023-06-16 15:29:03.774 [restartedMain] INFO  com.api.rec.member.Application:58 - set salt for : pic12@mail.com
2023-06-16 15:29:03.775 [restartedMain] INFO  com.api.rec.member.Application:58 - set salt for : pic13@mail.com
2023-06-16 15:29:03.775 [restartedMain] INFO  com.api.rec.member.Application:58 - set salt for : pic14@mail.com
2023-06-16 15:29:03.775 [restartedMain] INFO  com.api.rec.member.Application:58 - set salt for : test1@mail.com
2023-06-16 15:29:03.775 [restartedMain] INFO  com.api.rec.member.Application:62 - set salt done
2023-06-16 15:35:47.559 [http-nio-2081-exec-1] INFO  o.a.c.c.C.[Tomcat].[localhost].[/]:173 - Initializing Spring DispatcherServlet 'dispatcherServlet'
2023-06-16 15:35:47.560 [http-nio-2081-exec-1] INFO  o.s.web.servlet.DispatcherServlet:525 - Initializing Servlet 'dispatcherServlet'
2023-06-16 15:35:47.568 [http-nio-2081-exec-1] INFO  o.s.web.servlet.DispatcherServlet:547 - Completed initialization in 8 ms
2023-06-16 15:35:47.589 [http-nio-2081-exec-1] INFO  com.api.rec.member.Interceptor:31 - [api:127.0.0.1_/token/postsync pass]
2023-06-16 15:35:47.711 [http-nio-2081-exec-1] INFO  c.a.r.m.controller.TokenController:41 - [fid:67WJUY1PXNS5DIDE4G3G] requestModel : {"email":"admin@mail.com","token":null,"requestId":"QP5NXMS2FQ","requestDate":"2023-06-16T15:35:47.478000","salt":"KPPKUPWZQ3LMLK78EGOOOGD0UNWD1BKB9WFE"}
2023-06-16 15:35:47.770 [http-nio-2081-exec-1] INFO  c.a.r.m.controller.TokenController:46 - [fid:67WJUY1PXNS5DIDE4G3G] responseEntity : {"headers":{},"body":{"requestId":"QP5NXMS2FQ","requestDate":"2023-06-16T15:35:47.478000","responseId":"QP5NXMS2FQ-7P2ASQKPU6","responseDate":"2023-06-16T15:35:47.715847","status":"200","error":null,"message":"User ok"},"statusCodeValue":200,"statusCode":"OK"}
2023-06-16 15:35:48.376 [http-nio-2081-exec-2] INFO  com.api.rec.member.Interceptor:31 - [api:0:0:0:0:0:0:0:1_/user/getuser pass]
2023-06-16 15:35:48.388 [http-nio-2081-exec-2] INFO  c.a.r.m.controller.UserController:79 - [fid:PLDVKASD8WUK2TF84VS7] requestModel : {"email":"admin@mail.com","token":"eyJhbGciOiJIUzI1NiJ9.eyJpc3MiOiJtdC1hdXRoLWFwaSIsInN1YiI6InRva2VuIiwibmFtZSI6ImFkbWluQG1haWwuY29tIiwic2NvcGUiOiJhZG1pbnMiLCJpYXQiOjE2ODY5Mjk3NDgsImV4cCI6MTY4NzAxNjE0N30.nE9Wr2cjciVki0weLhMxeHIput_RzsApDplNwxoUafs","requestId":"ufokkg4c4c","requestDate":"2023-06-16T22:35:48.506000"}
2023-06-16 15:35:48.484 [http-nio-2081-exec-2] INFO  c.a.r.m.controller.UserController:84 - [fid:PLDVKASD8WUK2TF84VS7] responseEntity : {"headers":{},"body":{"requestId":"ufokkg4c4c","requestDate":"2023-06-16T22:35:48.506000","responseId":"ufokkg4c4c-K0Y9XK53YV","responseDate":"2023-06-16T15:35:48.389718","status":"200","error":null,"message":"Ok.","tbUser":{"tbuId":1,"tbuCreateDate":1567525364000,"tbuCreateId":0,"tbuEmail":"admin@mail.com","tbuFirstname":"admin","tbuLastname":"admin","tbuMobilePhone":"123","tbuPassword":"202cb962ac59075b964b07152d234b70","tbuPhoto":"1111343528-20q4jm5fw1-Cluster-Morizen-Bekasi-Indonesia.jpg","tbuStatus":"active","tbuTokenSalt":"KPPKUPWZQ3LMLK78EGOOOGD0UNWD1BKB9WFE","tbuUid":"xycnh1fzl8chkm8cqr20ni6zvh2ai52c3mvw2uwy0s86mscu9u80h6ylym2imghas6h6ffj05taecfoxfu3g0x8alwbt97q9je8f","tbuUpdateDate":1686929747000,"tbuUpdateId":1,"tbuType":null,"tbuExpired":null,"tbuCreateIdc":null},"tbCompany":{"tbcId":1,"tbcCreateDate":null,"tbcCreateId":null,"tbcUpdateDate":null,"tbcUpdateId":null,"tbcName":"Amplifio","tbcParse":72009,"tbcToken":36008567},"lstViewUserMenu":[{"tbmId":4,"tbmName":"Confirm","tbuEmail":"admin@mail.com","tbuFirstname":"admin","tbuId":1,"tbuLastname":"admin","tbumAdd":1,"tbumDelete":1,"tbumEdit":1,"tbumView":1,"tbmSort":5,"uuid":"77b1483c-0c5b-11ee-8d3d-0242ac120002"},{"tbmId":7,"tbmName":"Market","tbuEmail":"admin@mail.com","tbuFirstname":"admin","tbuId":1,"tbuLastname":"admin","tbumAdd":1,"tbumDelete":1,"tbumEdit":1,"tbumView":1,"tbmSort":1,"uuid":"77b14902-0c5b-11ee-8d3d-0242ac120002"},{"tbmId":2,"tbmName":"Order","tbuEmail":"admin@mail.com","tbuFirstname":"admin","tbuId":1,"tbuLastname":"admin","tbumAdd":1,"tbumDelete":1,"tbumEdit":1,"tbumView":1,"tbmSort":3,"uuid":"77b1491f-0c5b-11ee-8d3d-0242ac120002"},{"tbmId":3,"tbmName":"Packing","tbuEmail":"admin@mail.com","tbuFirstname":"admin","tbuId":1,"tbuLastname":"admin","tbumAdd":1,"tbumDelete":1,"tbumEdit":1,"tbumView":1,"tbmSort":4,"uuid":"77b14937-0c5b-11ee-8d3d-0242ac120002"},{"tbmId":1,"tbmName":"Product","tbuEmail":"admin@mail.com","tbuFirstname":"admin","tbuId":1,"tbuLastname":"admin","tbumAdd":1,"tbumDelete":1,"tbumEdit":1,"tbumView":1,"tbmSort":2,"uuid":"77b1494f-0c5b-11ee-8d3d-0242ac120002"},{"tbmId":5,"tbmName":"Report","tbuEmail":"admin@mail.com","tbuFirstname":"admin","tbuId":1,"tbuLastname":"admin","tbumAdd":1,"tbumDelete":1,"tbumEdit":1,"tbumView":1,"tbmSort":6,"uuid":"77b14981-0c5b-11ee-8d3d-0242ac120002"},{"tbmId":6,"tbmName":"User","tbuEmail":"admin@mail.com","tbuFirstname":"admin","tbuId":1,"tbuLastname":"admin","tbumAdd":1,"tbumDelete":1,"tbumEdit":1,"tbumView":1,"tbmSort":7,"uuid":"77b1499c-0c5b-11ee-8d3d-0242ac120002"}]},"statusCodeValue":200,"statusCode":"OK"}
2023-06-16 15:40:05.691 [http-nio-2081-exec-4] INFO  com.api.rec.member.Interceptor:31 - [api:0:0:0:0:0:0:0:1_/user/getuser pass]
2023-06-16 15:40:05.693 [http-nio-2081-exec-4] INFO  c.a.r.m.controller.UserController:79 - [fid:JXV5N0R5TBIMH1A318MQ] requestModel : {"email":"admin@mail.com","token":"eyJhbGciOiJIUzI1NiJ9.eyJpc3MiOiJtdC1hdXRoLWFwaSIsInN1YiI6InRva2VuIiwibmFtZSI6ImFkbWluQG1haWwuY29tIiwic2NvcGUiOiJhZG1pbnMiLCJpYXQiOjE2ODY5Mjk3NDgsImV4cCI6MTY4NzAxNjE0N30.nE9Wr2cjciVki0weLhMxeHIput_RzsApDplNwxoUafs","requestId":"709s3lks4m","requestDate":"2023-06-16T22:40:05.805000"}
2023-06-16 15:40:05.704 [http-nio-2081-exec-4] INFO  c.a.r.m.controller.UserController:84 - [fid:JXV5N0R5TBIMH1A318MQ] responseEntity : {"headers":{},"body":{"requestId":"709s3lks4m","requestDate":"2023-06-16T22:40:05.805000","responseId":"709s3lks4m-V1XCDY1DJI","responseDate":"2023-06-16T15:40:05.69418","status":"200","error":null,"message":"Ok.","tbUser":{"tbuId":1,"tbuCreateDate":1567525364000,"tbuCreateId":0,"tbuEmail":"admin@mail.com","tbuFirstname":"admin","tbuLastname":"admin","tbuMobilePhone":"123","tbuPassword":"202cb962ac59075b964b07152d234b70","tbuPhoto":"1111343528-20q4jm5fw1-Cluster-Morizen-Bekasi-Indonesia.jpg","tbuStatus":"active","tbuTokenSalt":"KPPKUPWZQ3LMLK78EGOOOGD0UNWD1BKB9WFE","tbuUid":"xycnh1fzl8chkm8cqr20ni6zvh2ai52c3mvw2uwy0s86mscu9u80h6ylym2imghas6h6ffj05taecfoxfu3g0x8alwbt97q9je8f","tbuUpdateDate":1686929747000,"tbuUpdateId":1,"tbuType":null,"tbuExpired":null,"tbuCreateIdc":null},"tbCompany":{"tbcId":1,"tbcCreateDate":null,"tbcCreateId":null,"tbcUpdateDate":null,"tbcUpdateId":null,"tbcName":"Amplifio","tbcParse":72009,"tbcToken":36008567},"lstViewUserMenu":[{"tbmId":4,"tbmName":"Confirm","tbuEmail":"admin@mail.com","tbuFirstname":"admin","tbuId":1,"tbuLastname":"admin","tbumAdd":1,"tbumDelete":1,"tbumEdit":1,"tbumView":1,"tbmSort":5,"uuid":"11032149-0c5c-11ee-8d3d-0242ac120002"},{"tbmId":7,"tbmName":"Market","tbuEmail":"admin@mail.com","tbuFirstname":"admin","tbuId":1,"tbuLastname":"admin","tbumAdd":1,"tbumDelete":1,"tbumEdit":1,"tbumView":1,"tbmSort":1,"uuid":"110321dc-0c5c-11ee-8d3d-0242ac120002"},{"tbmId":2,"tbmName":"Order","tbuEmail":"admin@mail.com","tbuFirstname":"admin","tbuId":1,"tbuLastname":"admin","tbumAdd":1,"tbumDelete":1,"tbumEdit":1,"tbumView":1,"tbmSort":3,"uuid":"110321ef-0c5c-11ee-8d3d-0242ac120002"},{"tbmId":3,"tbmName":"Packing","tbuEmail":"admin@mail.com","tbuFirstname":"admin","tbuId":1,"tbuLastname":"admin","tbumAdd":1,"tbumDelete":1,"tbumEdit":1,"tbumView":1,"tbmSort":4,"uuid":"11032200-0c5c-11ee-8d3d-0242ac120002"},{"tbmId":1,"tbmName":"Product","tbuEmail":"admin@mail.com","tbuFirstname":"admin","tbuId":1,"tbuLastname":"admin","tbumAdd":1,"tbumDelete":1,"tbumEdit":1,"tbumView":1,"tbmSort":2,"uuid":"1103222a-0c5c-11ee-8d3d-0242ac120002"},{"tbmId":5,"tbmName":"Report","tbuEmail":"admin@mail.com","tbuFirstname":"admin","tbuId":1,"tbuLastname":"admin","tbumAdd":1,"tbumDelete":1,"tbumEdit":1,"tbumView":1,"tbmSort":6,"uuid":"1103223a-0c5c-11ee-8d3d-0242ac120002"},{"tbmId":6,"tbmName":"User","tbuEmail":"admin@mail.com","tbuFirstname":"admin","tbuId":1,"tbuLastname":"admin","tbumAdd":1,"tbumDelete":1,"tbumEdit":1,"tbumView":1,"tbmSort":7,"uuid":"11032249-0c5c-11ee-8d3d-0242ac120002"}]},"statusCodeValue":200,"statusCode":"OK"}
2023-06-16 15:41:43.783 [http-nio-2081-exec-5] INFO  com.api.rec.member.Interceptor:31 - [api:127.0.0.1_/token/postsync pass]
2023-06-16 15:41:43.786 [http-nio-2081-exec-5] INFO  c.a.r.m.controller.TokenController:41 - [fid:BYR2YI7M8TT2VDZQBD8Z] requestModel : {"email":"test1@mail.com","token":null,"requestId":"R35POCUSSS","requestDate":"2023-06-16T15:41:43.775000","salt":"UWQ7KVH8XZDPN86MAY4LD3QQS393WLJU02MF"}
2023-06-16 15:41:43.790 [http-nio-2081-exec-5] INFO  c.a.r.m.controller.TokenController:46 - [fid:BYR2YI7M8TT2VDZQBD8Z] responseEntity : {"headers":{},"body":{"requestId":"R35POCUSSS","requestDate":"2023-06-16T15:41:43.775000","responseId":"R35POCUSSS-DLLZRQBHIV","responseDate":"2023-06-16T15:41:43.786937","status":"200","error":null,"message":"User ok"},"statusCodeValue":200,"statusCode":"OK"}
2023-06-16 15:41:43.970 [http-nio-2081-exec-6] INFO  com.api.rec.member.Interceptor:31 - [api:0:0:0:0:0:0:0:1_/user/getuser pass]
2023-06-16 15:41:43.973 [http-nio-2081-exec-6] INFO  c.a.r.m.controller.UserController:79 - [fid:P6TQ6WE8AUCE2OHLHP0O] requestModel : {"email":"test1@mail.com","token":"eyJhbGciOiJIUzI1NiJ9.eyJpc3MiOiJtdC1hdXRoLWFwaSIsInN1YiI6InRva2VuIiwibmFtZSI6InRlc3QxQG1haWwuY29tIiwic2NvcGUiOiJhZG1pbnMiLCJpYXQiOjE2ODY5MzAxMDMsImV4cCI6MTY4NzAxNjUwM30.wAS4A_KA5S_noe0o6eU_bQ9-lyNcohq5h6JazZONWRA","requestId":"fvgipc6qqw","requestDate":"2023-06-16T22:41:44.072000"}
2023-06-16 15:41:43.986 [http-nio-2081-exec-6] INFO  c.a.r.m.controller.UserController:84 - [fid:P6TQ6WE8AUCE2OHLHP0O] responseEntity : {"headers":{},"body":{"requestId":"fvgipc6qqw","requestDate":"2023-06-16T22:41:44.072000","responseId":"fvgipc6qqw-XR6MGWNEME","responseDate":"2023-06-16T15:41:43.973507","status":"200","error":null,"message":"Ok.","tbUser":{"tbuId":31,"tbuCreateDate":1670944979000,"tbuCreateId":null,"tbuEmail":"test1@mail.com","tbuFirstname":"Achmad","tbuLastname":"Amri","tbuMobilePhone":"081380782318","tbuPassword":"202cb962ac59075b964b07152d234b70","tbuPhoto":null,"tbuStatus":"active","tbuTokenSalt":"UWQ7KVH8XZDPN86MAY4LD3QQS393WLJU02MF","tbuUid":"71imewz8stbcafcx7s2rrukdyzx6plwbdze9gparu9tlrz1wqlw9yhcuq4jp13xprvwa2o4jkqblhxnoz87c7oh9k631uerecms1","tbuUpdateDate":1686930103000,"tbuUpdateId":31,"tbuType":"alpha","tbuExpired":1671549779000,"tbuCreateIdc":1},"tbCompany":{"tbcId":1,"tbcCreateDate":null,"tbcCreateId":null,"tbcUpdateDate":null,"tbcUpdateId":null,"tbcName":"Amplifio","tbcParse":72009,"tbcToken":36008567},"lstViewUserMenu":[]},"statusCodeValue":200,"statusCode":"OK"}
2023-06-16 15:42:15.833 [http-nio-2081-exec-8] INFO  com.api.rec.member.Interceptor:31 - [api:0:0:0:0:0:0:0:1_/user/getuser pass]
2023-06-16 15:42:15.836 [http-nio-2081-exec-8] INFO  c.a.r.m.controller.UserController:79 - [fid:ZGF7TW2PDUWMS2CJ64KC] requestModel : {"email":"test1@mail.com","token":"eyJhbGciOiJIUzI1NiJ9.eyJpc3MiOiJtdC1hdXRoLWFwaSIsInN1YiI6InRva2VuIiwibmFtZSI6InRlc3QxQG1haWwuY29tIiwic2NvcGUiOiJhZG1pbnMiLCJpYXQiOjE2ODY5MzAxMDMsImV4cCI6MTY4NzAxNjUwM30.wAS4A_KA5S_noe0o6eU_bQ9-lyNcohq5h6JazZONWRA","requestId":"7m5sxpimf0","requestDate":"2023-06-16T22:42:16.005000"}
2023-06-16 15:42:15.844 [http-nio-2081-exec-8] INFO  c.a.r.m.controller.UserController:84 - [fid:ZGF7TW2PDUWMS2CJ64KC] responseEntity : {"headers":{},"body":{"requestId":"7m5sxpimf0","requestDate":"2023-06-16T22:42:16.005000","responseId":"7m5sxpimf0-O9GNUY2CV5","responseDate":"2023-06-16T15:42:15.837146","status":"200","error":null,"message":"Ok.","tbUser":{"tbuId":31,"tbuCreateDate":1670944979000,"tbuCreateId":null,"tbuEmail":"test1@mail.com","tbuFirstname":"Achmad","tbuLastname":"Amri","tbuMobilePhone":"081380782318","tbuPassword":"202cb962ac59075b964b07152d234b70","tbuPhoto":null,"tbuStatus":"active","tbuTokenSalt":"UWQ7KVH8XZDPN86MAY4LD3QQS393WLJU02MF","tbuUid":"71imewz8stbcafcx7s2rrukdyzx6plwbdze9gparu9tlrz1wqlw9yhcuq4jp13xprvwa2o4jkqblhxnoz87c7oh9k631uerecms1","tbuUpdateDate":1686930103000,"tbuUpdateId":31,"tbuType":"alpha","tbuExpired":1671549779000,"tbuCreateIdc":1},"tbCompany":{"tbcId":1,"tbcCreateDate":null,"tbcCreateId":null,"tbcUpdateDate":null,"tbcUpdateId":null,"tbcName":"Amplifio","tbcParse":72009,"tbcToken":36008567},"lstViewUserMenu":[]},"statusCodeValue":200,"statusCode":"OK"}
2023-06-16 15:42:18.317 [http-nio-2081-exec-9] INFO  com.api.rec.member.Interceptor:31 - [api:0:0:0:0:0:0:0:1_/user/getuser pass]
2023-06-16 15:42:18.319 [http-nio-2081-exec-9] INFO  c.a.r.m.controller.UserController:79 - [fid:1KL0MLF4N325FPHBLTFG] requestModel : {"email":"test1@mail.com","token":"eyJhbGciOiJIUzI1NiJ9.eyJpc3MiOiJtdC1hdXRoLWFwaSIsInN1YiI6InRva2VuIiwibmFtZSI6InRlc3QxQG1haWwuY29tIiwic2NvcGUiOiJhZG1pbnMiLCJpYXQiOjE2ODY5MzAxMDMsImV4cCI6MTY4NzAxNjUwM30.wAS4A_KA5S_noe0o6eU_bQ9-lyNcohq5h6JazZONWRA","requestId":"5o3ge3r4p4","requestDate":"2023-06-16T22:42:18.486000"}
2023-06-16 15:42:18.327 [http-nio-2081-exec-9] INFO  c.a.r.m.controller.UserController:84 - [fid:1KL0MLF4N325FPHBLTFG] responseEntity : {"headers":{},"body":{"requestId":"5o3ge3r4p4","requestDate":"2023-06-16T22:42:18.486000","responseId":"5o3ge3r4p4-2Z6J1LUOSD","responseDate":"2023-06-16T15:42:18.319805","status":"200","error":null,"message":"Ok.","tbUser":{"tbuId":31,"tbuCreateDate":1670944979000,"tbuCreateId":null,"tbuEmail":"test1@mail.com","tbuFirstname":"Achmad","tbuLastname":"Amri","tbuMobilePhone":"081380782318","tbuPassword":"202cb962ac59075b964b07152d234b70","tbuPhoto":null,"tbuStatus":"active","tbuTokenSalt":"UWQ7KVH8XZDPN86MAY4LD3QQS393WLJU02MF","tbuUid":"71imewz8stbcafcx7s2rrukdyzx6plwbdze9gparu9tlrz1wqlw9yhcuq4jp13xprvwa2o4jkqblhxnoz87c7oh9k631uerecms1","tbuUpdateDate":1686930103000,"tbuUpdateId":31,"tbuType":"alpha","tbuExpired":1671549779000,"tbuCreateIdc":1},"tbCompany":{"tbcId":1,"tbcCreateDate":null,"tbcCreateId":null,"tbcUpdateDate":null,"tbcUpdateId":null,"tbcName":"Amplifio","tbcParse":72009,"tbcToken":36008567},"lstViewUserMenu":[]},"statusCodeValue":200,"statusCode":"OK"}
2023-06-16 15:42:51.539 [http-nio-2081-exec-10] INFO  com.api.rec.member.Interceptor:31 - [api:0:0:0:0:0:0:0:1_/user/getuser pass]
2023-06-16 15:42:51.542 [http-nio-2081-exec-10] INFO  c.a.r.m.controller.UserController:79 - [fid:MZUI8WEVSGJSOLQ0S29P] requestModel : {"email":"test1@mail.com","token":"eyJhbGciOiJIUzI1NiJ9.eyJpc3MiOiJtdC1hdXRoLWFwaSIsInN1YiI6InRva2VuIiwibmFtZSI6InRlc3QxQG1haWwuY29tIiwic2NvcGUiOiJhZG1pbnMiLCJpYXQiOjE2ODY5MzAxMDMsImV4cCI6MTY4NzAxNjUwM30.wAS4A_KA5S_noe0o6eU_bQ9-lyNcohq5h6JazZONWRA","requestId":"6f8l4knr4n","requestDate":"2023-06-16T22:42:51.674000"}
2023-06-16 15:42:51.552 [http-nio-2081-exec-10] INFO  c.a.r.m.controller.UserController:84 - [fid:MZUI8WEVSGJSOLQ0S29P] responseEntity : {"headers":{},"body":{"requestId":"6f8l4knr4n","requestDate":"2023-06-16T22:42:51.674000","responseId":"6f8l4knr4n-T3H1BXTOTF","responseDate":"2023-06-16T15:42:51.543046","status":"200","error":null,"message":"Ok.","tbUser":{"tbuId":31,"tbuCreateDate":1670944979000,"tbuCreateId":null,"tbuEmail":"test1@mail.com","tbuFirstname":"Achmad","tbuLastname":"Amri","tbuMobilePhone":"081380782318","tbuPassword":"202cb962ac59075b964b07152d234b70","tbuPhoto":null,"tbuStatus":"active","tbuTokenSalt":"UWQ7KVH8XZDPN86MAY4LD3QQS393WLJU02MF","tbuUid":"71imewz8stbcafcx7s2rrukdyzx6plwbdze9gparu9tlrz1wqlw9yhcuq4jp13xprvwa2o4jkqblhxnoz87c7oh9k631uerecms1","tbuUpdateDate":1686930103000,"tbuUpdateId":31,"tbuType":"alpha","tbuExpired":1671549779000,"tbuCreateIdc":1},"tbCompany":{"tbcId":1,"tbcCreateDate":null,"tbcCreateId":null,"tbcUpdateDate":null,"tbcUpdateId":null,"tbcName":"Amplifio","tbcParse":72009,"tbcToken":36008567},"lstViewUserMenu":[]},"statusCodeValue":200,"statusCode":"OK"}
2023-06-16 15:43:54.991 [http-nio-2081-exec-1] INFO  com.api.rec.member.Interceptor:31 - [api:0:0:0:0:0:0:0:1_/user/getuser pass]
2023-06-16 15:43:54.993 [http-nio-2081-exec-1] INFO  c.a.r.m.controller.UserController:79 - [fid:RHR85N2S6XHOA3OMM1AQ] requestModel : {"email":"test1@mail.com","token":"eyJhbGciOiJIUzI1NiJ9.eyJpc3MiOiJtdC1hdXRoLWFwaSIsInN1YiI6InRva2VuIiwibmFtZSI6InRlc3QxQG1haWwuY29tIiwic2NvcGUiOiJhZG1pbnMiLCJpYXQiOjE2ODY5MzAxMDMsImV4cCI6MTY4NzAxNjUwM30.wAS4A_KA5S_noe0o6eU_bQ9-lyNcohq5h6JazZONWRA","requestId":"l8jhmloko9","requestDate":"2023-06-16T22:43:55.086000"}
2023-06-16 15:43:55.001 [http-nio-2081-exec-1] INFO  c.a.r.m.controller.UserController:84 - [fid:RHR85N2S6XHOA3OMM1AQ] responseEntity : {"headers":{},"body":{"requestId":"l8jhmloko9","requestDate":"2023-06-16T22:43:55.086000","responseId":"l8jhmloko9-PA2U0RLDEM","responseDate":"2023-06-16T15:43:54.994405","status":"200","error":null,"message":"Ok.","tbUser":{"tbuId":31,"tbuCreateDate":1670944979000,"tbuCreateId":null,"tbuEmail":"test1@mail.com","tbuFirstname":"Achmad","tbuLastname":"Amri","tbuMobilePhone":"081380782318","tbuPassword":"202cb962ac59075b964b07152d234b70","tbuPhoto":null,"tbuStatus":"active","tbuTokenSalt":"UWQ7KVH8XZDPN86MAY4LD3QQS393WLJU02MF","tbuUid":"71imewz8stbcafcx7s2rrukdyzx6plwbdze9gparu9tlrz1wqlw9yhcuq4jp13xprvwa2o4jkqblhxnoz87c7oh9k631uerecms1","tbuUpdateDate":1686930103000,"tbuUpdateId":31,"tbuType":"alpha","tbuExpired":1671549779000,"tbuCreateIdc":1},"tbCompany":{"tbcId":1,"tbcCreateDate":null,"tbcCreateId":null,"tbcUpdateDate":null,"tbcUpdateId":null,"tbcName":"Amplifio","tbcParse":72009,"tbcToken":36008567},"lstViewUserMenu":[]},"statusCodeValue":200,"statusCode":"OK"}
